"","date","cases_new","cases_import","cluster_import","cluster_religious","cluster_community","cluster_highRisk","cluster_education","cluster_detentionCentre","cluster_workplace"
"1","2020-01-25",4,4,NA,NA,NA,NA,NA,NA,NA
"2","2020-01-26",0,0,NA,NA,NA,NA,NA,NA,NA
"3","2020-01-27",0,0,NA,NA,NA,NA,NA,NA,NA
"4","2020-01-28",0,0,NA,NA,NA,NA,NA,NA,NA
"5","2020-01-29",3,3,NA,NA,NA,NA,NA,NA,NA
"6","2020-01-30",1,1,NA,NA,NA,NA,NA,NA,NA
"7","2020-01-31",0,0,NA,NA,NA,NA,NA,NA,NA
"8","2020-02-01",0,0,NA,NA,NA,NA,NA,NA,NA
"9","2020-02-02",0,0,NA,NA,NA,NA,NA,NA,NA
"10","2020-02-03",0,0,NA,NA,NA,NA,NA,NA,NA
"11","2020-02-04",2,2,NA,NA,NA,NA,NA,NA,NA
"12","2020-02-05",2,2,NA,NA,NA,NA,NA,NA,NA
"13","2020-02-06",2,1,NA,NA,NA,NA,NA,NA,NA
"14","2020-02-07",1,1,NA,NA,NA,NA,NA,NA,NA
"15","2020-02-08",1,1,NA,NA,NA,NA,NA,NA,NA
"16","2020-02-09",1,0,NA,NA,NA,NA,NA,NA,NA
"17","2020-02-10",1,1,NA,NA,NA,NA,NA,NA,NA
"18","2020-02-11",0,0,NA,NA,NA,NA,NA,NA,NA
"19","2020-02-12",0,0,NA,NA,NA,NA,NA,NA,NA
"20","2020-02-13",0,0,NA,NA,NA,NA,NA,NA,NA
"21","2020-02-14",1,1,NA,NA,NA,NA,NA,NA,NA
"22","2020-02-15",3,3,NA,NA,NA,NA,NA,NA,NA
"23","2020-02-16",0,0,NA,NA,NA,NA,NA,NA,NA
"24","2020-02-17",0,0,NA,NA,NA,NA,NA,NA,NA
"25","2020-02-18",0,0,NA,NA,NA,NA,NA,NA,NA
"26","2020-02-19",0,0,NA,NA,NA,NA,NA,NA,NA
"27","2020-02-20",0,0,NA,NA,NA,NA,NA,NA,NA
"28","2020-02-21",0,0,NA,NA,NA,NA,NA,NA,NA
"29","2020-02-22",0,0,NA,NA,NA,NA,NA,NA,NA
"30","2020-02-23",0,0,NA,NA,NA,NA,NA,NA,NA
"31","2020-02-24",0,0,NA,NA,NA,NA,NA,NA,NA
"32","2020-02-25",0,0,NA,NA,NA,NA,NA,NA,NA
"33","2020-02-26",0,0,NA,NA,NA,NA,NA,NA,NA
"34","2020-02-27",1,1,NA,NA,NA,NA,NA,NA,NA
"35","2020-02-28",2,2,NA,NA,NA,NA,NA,NA,NA
"36","2020-02-29",0,0,NA,NA,NA,NA,NA,NA,NA
"37","2020-03-01",4,1,NA,NA,NA,NA,NA,NA,NA
"38","2020-03-02",0,0,NA,NA,NA,NA,NA,NA,NA
"39","2020-03-03",7,1,NA,NA,NA,NA,NA,NA,NA
"40","2020-03-04",14,0,NA,NA,NA,NA,NA,NA,NA
"41","2020-03-05",5,0,NA,NA,NA,NA,NA,NA,NA
"42","2020-03-06",28,1,NA,NA,NA,NA,NA,NA,NA
"43","2020-03-07",10,2,NA,NA,NA,NA,NA,NA,NA
"44","2020-03-08",6,0,NA,NA,NA,NA,NA,NA,NA
"45","2020-03-09",18,2,NA,NA,NA,NA,NA,NA,NA
"46","2020-03-10",12,0,NA,NA,NA,NA,NA,NA,NA
"47","2020-03-11",20,3,NA,NA,NA,NA,NA,NA,NA
"48","2020-03-12",9,1,NA,NA,NA,NA,NA,NA,NA
"49","2020-03-13",39,1,NA,NA,NA,NA,NA,NA,NA
"50","2020-03-14",41,1,NA,NA,NA,NA,NA,NA,NA
"51","2020-03-15",190,2,NA,NA,NA,NA,NA,NA,NA
"52","2020-03-16",125,6,NA,NA,NA,NA,NA,NA,NA
"53","2020-03-17",120,3,NA,NA,NA,NA,NA,NA,NA
"54","2020-03-18",117,8,NA,NA,NA,NA,NA,NA,NA
"55","2020-03-19",110,5,NA,NA,NA,NA,NA,NA,NA
"56","2020-03-20",130,6,NA,NA,NA,NA,NA,NA,NA
"57","2020-03-21",153,11,NA,NA,NA,NA,NA,NA,NA
"58","2020-03-22",123,21,NA,NA,NA,NA,NA,NA,NA
"59","2020-03-23",212,29,NA,NA,NA,NA,NA,NA,NA
"60","2020-03-24",106,19,NA,NA,NA,NA,NA,NA,NA
"61","2020-03-25",172,35,NA,NA,NA,NA,NA,NA,NA
"62","2020-03-26",235,27,NA,NA,NA,NA,NA,NA,NA
"63","2020-03-27",130,19,NA,NA,NA,NA,NA,NA,NA
"64","2020-03-28",159,22,NA,NA,NA,NA,NA,NA,NA
"65","2020-03-29",150,17,NA,NA,NA,NA,NA,NA,NA
"66","2020-03-30",156,16,NA,NA,NA,NA,NA,NA,NA
"67","2020-03-31",140,17,NA,NA,NA,NA,NA,NA,NA
"68","2020-04-01",142,15,NA,NA,NA,NA,NA,NA,NA
"69","2020-04-02",208,36,NA,NA,NA,NA,NA,NA,NA
"70","2020-04-03",217,21,NA,NA,NA,NA,NA,NA,NA
"71","2020-04-04",150,17,NA,NA,NA,NA,NA,NA,NA
"72","2020-04-05",179,21,NA,NA,NA,NA,NA,NA,NA
"73","2020-04-06",131,19,NA,NA,NA,NA,NA,NA,NA
"74","2020-04-07",170,19,NA,NA,NA,NA,NA,NA,NA
"75","2020-04-08",156,20,NA,NA,NA,NA,NA,NA,NA
"76","2020-04-09",109,20,NA,NA,NA,NA,NA,NA,NA
"77","2020-04-10",118,20,NA,NA,NA,NA,NA,NA,NA
"78","2020-04-11",184,10,NA,NA,NA,NA,NA,NA,NA
"79","2020-04-12",153,14,NA,NA,NA,NA,NA,NA,NA
"80","2020-04-13",134,8,NA,NA,NA,NA,NA,NA,NA
"81","2020-04-14",170,12,NA,NA,NA,NA,NA,NA,NA
"82","2020-04-15",85,4,NA,NA,NA,NA,NA,NA,NA
"83","2020-04-16",110,3,NA,NA,NA,NA,NA,NA,NA
"84","2020-04-17",69,6,NA,NA,NA,NA,NA,NA,NA
"85","2020-04-18",54,6,NA,NA,NA,NA,NA,NA,NA
"86","2020-04-19",84,48,NA,NA,NA,NA,NA,NA,NA
"87","2020-04-20",36,13,NA,NA,NA,NA,NA,NA,NA
"88","2020-04-21",57,18,NA,NA,NA,NA,NA,NA,NA
"89","2020-04-22",50,5,NA,NA,NA,NA,NA,NA,NA
"90","2020-04-23",71,20,NA,NA,NA,NA,NA,NA,NA
"91","2020-04-24",88,15,NA,NA,NA,NA,NA,NA,NA
"92","2020-04-25",51,4,NA,NA,NA,NA,NA,NA,NA
"93","2020-04-26",38,5,NA,NA,NA,NA,NA,NA,NA
"94","2020-04-27",40,5,NA,NA,NA,NA,NA,NA,NA
"95","2020-04-28",31,10,NA,NA,NA,NA,NA,NA,NA
"96","2020-04-29",94,72,NA,NA,NA,NA,NA,NA,NA
"97","2020-04-30",57,26,NA,NA,NA,NA,NA,NA,NA
"98","2020-05-01",69,12,NA,NA,NA,NA,NA,NA,NA
"99","2020-05-02",105,11,NA,NA,NA,NA,NA,NA,NA
"100","2020-05-03",122,52,NA,NA,NA,NA,NA,NA,NA
"101","2020-05-04",55,7,NA,NA,NA,NA,NA,NA,NA
"102","2020-05-05",30,1,NA,NA,NA,NA,NA,NA,NA
"103","2020-05-06",45,1,NA,NA,NA,NA,NA,NA,NA
"104","2020-05-07",39,1,NA,NA,NA,NA,NA,NA,NA
"105","2020-05-08",68,4,NA,NA,NA,NA,NA,NA,NA
"106","2020-05-09",54,1,NA,NA,NA,NA,NA,NA,NA
"107","2020-05-10",67,0,NA,NA,NA,NA,NA,NA,NA
"108","2020-05-11",70,13,NA,NA,NA,NA,NA,NA,NA
"109","2020-05-12",16,3,NA,NA,NA,NA,NA,NA,NA
"110","2020-05-13",37,4,NA,NA,NA,NA,NA,NA,NA
"111","2020-05-14",40,0,NA,NA,NA,NA,NA,NA,NA
"112","2020-05-15",36,1,NA,NA,NA,NA,NA,NA,NA
"113","2020-05-16",17,6,NA,NA,NA,NA,NA,NA,NA
"114","2020-05-17",22,5,NA,NA,NA,NA,NA,NA,NA
"115","2020-05-18",47,21,NA,NA,NA,NA,NA,NA,NA
"116","2020-05-19",37,2,NA,NA,NA,NA,NA,NA,NA
"117","2020-05-20",31,10,NA,NA,NA,NA,NA,NA,NA
"118","2020-05-21",50,3,NA,NA,NA,NA,NA,NA,NA
"119","2020-05-22",78,26,NA,NA,NA,NA,NA,NA,NA
"120","2020-05-23",48,4,NA,NA,NA,NA,NA,NA,NA
"121","2020-05-24",60,7,NA,NA,NA,NA,NA,NA,NA
"122","2020-05-25",172,5,NA,NA,NA,NA,NA,NA,NA
"123","2020-05-26",187,10,NA,NA,NA,NA,NA,NA,NA
"124","2020-05-27",15,6,NA,NA,NA,NA,NA,NA,NA
"125","2020-05-28",10,0,NA,NA,NA,NA,NA,NA,NA
"126","2020-05-29",103,7,NA,NA,NA,NA,NA,NA,NA
"127","2020-05-30",30,3,NA,NA,NA,NA,NA,NA,NA
"128","2020-05-31",57,10,NA,NA,NA,NA,NA,NA,NA
"129","2020-06-01",38,26,NA,NA,NA,NA,NA,NA,NA
"130","2020-06-02",20,15,NA,NA,NA,NA,NA,NA,NA
"131","2020-06-03",93,0,NA,NA,NA,NA,NA,NA,NA
"132","2020-06-04",277,2,NA,NA,NA,NA,NA,NA,NA
"133","2020-06-05",19,7,NA,NA,NA,NA,NA,NA,NA
"134","2020-06-06",37,8,NA,NA,NA,NA,NA,NA,NA
"135","2020-06-07",19,6,NA,NA,NA,NA,NA,NA,NA
"136","2020-06-08",7,2,NA,NA,NA,NA,NA,NA,NA
"137","2020-06-09",7,6,NA,NA,NA,NA,NA,NA,NA
"138","2020-06-10",2,1,NA,NA,NA,NA,NA,NA,NA
"139","2020-06-11",31,11,NA,NA,NA,NA,NA,NA,NA
"140","2020-06-12",33,16,NA,NA,NA,NA,NA,NA,NA
"141","2020-06-13",43,5,NA,NA,NA,NA,NA,NA,NA
"142","2020-06-14",8,2,NA,NA,NA,NA,NA,NA,NA
"143","2020-06-15",41,3,NA,NA,NA,NA,NA,NA,NA
"144","2020-06-16",11,1,NA,NA,NA,NA,NA,NA,NA
"145","2020-06-17",10,0,NA,NA,NA,NA,NA,NA,NA
"146","2020-06-18",14,3,NA,NA,NA,NA,NA,NA,NA
"147","2020-06-19",6,2,NA,NA,NA,NA,NA,NA,NA
"148","2020-06-20",21,2,NA,NA,NA,NA,NA,NA,NA
"149","2020-06-21",16,3,NA,NA,NA,NA,NA,NA,NA
"150","2020-06-22",15,2,NA,NA,NA,NA,NA,NA,NA
"151","2020-06-23",3,0,NA,NA,NA,NA,NA,NA,NA
"152","2020-06-24",6,2,NA,NA,NA,NA,NA,NA,NA
"153","2020-06-25",4,3,NA,NA,NA,NA,NA,NA,NA
"154","2020-06-26",6,5,NA,NA,NA,NA,NA,NA,NA
"155","2020-06-27",10,4,NA,NA,NA,NA,NA,NA,NA
"156","2020-06-28",18,4,NA,NA,NA,NA,NA,NA,NA
"157","2020-06-29",3,1,NA,NA,NA,NA,NA,NA,NA
"158","2020-06-30",2,1,NA,NA,NA,NA,NA,NA,NA
"159","2020-07-01",1,1,NA,NA,NA,NA,NA,NA,NA
"160","2020-07-02",3,1,NA,NA,NA,NA,NA,NA,NA
"161","2020-07-03",5,3,NA,NA,NA,NA,NA,NA,NA
"162","2020-07-04",10,7,NA,NA,NA,NA,NA,NA,NA
"163","2020-07-05",5,3,NA,NA,NA,NA,NA,NA,NA
"164","2020-07-06",5,3,NA,NA,NA,NA,NA,NA,NA
"165","2020-07-07",6,4,NA,NA,NA,NA,NA,NA,NA
"166","2020-07-08",3,3,NA,NA,NA,NA,NA,NA,NA
"167","2020-07-09",6,6,NA,NA,NA,NA,NA,NA,NA
"168","2020-07-10",13,8,NA,NA,NA,NA,NA,NA,NA
"169","2020-07-11",8,4,NA,NA,NA,NA,NA,NA,NA
"170","2020-07-12",14,3,NA,NA,NA,NA,NA,NA,NA
"171","2020-07-13",7,6,NA,NA,NA,NA,NA,NA,NA
"172","2020-07-14",4,4,NA,NA,NA,NA,NA,NA,NA
"173","2020-07-15",5,1,NA,NA,NA,NA,NA,NA,NA
"174","2020-07-16",3,1,NA,NA,NA,NA,NA,NA,NA
"175","2020-07-17",18,10,NA,NA,NA,NA,NA,NA,NA
"176","2020-07-18",9,4,NA,NA,NA,NA,NA,NA,NA
"177","2020-07-19",15,4,NA,NA,NA,NA,NA,NA,NA
"178","2020-07-20",21,6,NA,NA,NA,NA,NA,NA,NA
"179","2020-07-21",15,4,NA,NA,NA,NA,NA,NA,NA
"180","2020-07-22",16,8,NA,NA,NA,NA,NA,NA,NA
"181","2020-07-23",9,3,NA,NA,NA,NA,NA,NA,NA
"182","2020-07-24",21,5,NA,NA,NA,NA,NA,NA,NA
"183","2020-07-25",23,6,NA,NA,NA,NA,NA,NA,NA
"184","2020-07-26",13,3,NA,NA,NA,NA,NA,NA,NA
"185","2020-07-27",7,4,NA,NA,NA,NA,NA,NA,NA
"186","2020-07-28",39,11,NA,NA,NA,NA,NA,NA,NA
"187","2020-07-29",13,8,NA,NA,NA,NA,NA,NA,NA
"188","2020-07-30",8,3,NA,NA,NA,NA,NA,NA,NA
"189","2020-07-31",12,5,NA,NA,NA,NA,NA,NA,NA
"190","2020-08-01",9,7,NA,NA,NA,NA,NA,NA,NA
"191","2020-08-02",14,1,NA,NA,NA,NA,NA,NA,NA
"192","2020-08-03",2,0,NA,NA,NA,NA,NA,NA,NA
"193","2020-08-04",1,0,NA,NA,NA,NA,NA,NA,NA
"194","2020-08-05",21,15,NA,NA,NA,NA,NA,NA,NA
"195","2020-08-06",15,5,NA,NA,NA,NA,NA,NA,NA
"196","2020-08-07",25,9,NA,NA,NA,NA,NA,NA,NA
"197","2020-08-08",7,6,NA,NA,NA,NA,NA,NA,NA
"198","2020-08-09",13,9,NA,NA,NA,NA,NA,NA,NA
"199","2020-08-10",11,5,NA,NA,NA,NA,NA,NA,NA
"200","2020-08-11",9,5,NA,NA,NA,NA,NA,NA,NA
"201","2020-08-12",11,8,NA,NA,NA,NA,NA,NA,NA
"202","2020-08-13",15,4,NA,NA,NA,NA,NA,NA,NA
"203","2020-08-14",20,7,NA,NA,NA,NA,NA,NA,NA
"204","2020-08-15",26,3,NA,NA,NA,NA,NA,NA,NA
"205","2020-08-16",25,16,NA,NA,NA,NA,NA,NA,NA
"206","2020-08-17",12,2,NA,NA,NA,NA,NA,NA,NA
"207","2020-08-18",7,4,NA,NA,NA,NA,NA,NA,NA
"208","2020-08-19",16,4,NA,NA,NA,NA,NA,NA,NA
"209","2020-08-20",5,5,NA,NA,NA,NA,NA,NA,NA
"210","2020-08-21",9,4,NA,NA,NA,NA,NA,NA,NA
"211","2020-08-22",8,3,NA,NA,NA,NA,NA,NA,NA
"212","2020-08-23",10,8,NA,NA,NA,NA,NA,NA,NA
"213","2020-08-24",7,2,NA,NA,NA,NA,NA,NA,NA
"214","2020-08-25",11,2,NA,NA,NA,NA,NA,NA,NA
"215","2020-08-26",6,1,NA,NA,NA,NA,NA,NA,NA
"216","2020-08-27",5,2,NA,NA,NA,NA,NA,NA,NA
"217","2020-08-28",10,8,NA,NA,NA,NA,NA,NA,NA
"218","2020-08-29",11,10,NA,NA,NA,NA,NA,NA,NA
"219","2020-08-30",17,15,NA,NA,NA,NA,NA,NA,NA
"220","2020-08-31",6,4,NA,NA,NA,NA,NA,NA,NA
"221","2020-09-01",14,5,NA,NA,NA,NA,NA,NA,NA
"222","2020-09-02",6,4,NA,NA,NA,NA,NA,NA,NA
"223","2020-09-03",14,4,NA,NA,NA,NA,NA,NA,NA
"224","2020-09-04",11,7,NA,NA,NA,NA,NA,NA,NA
"225","2020-09-05",6,4,NA,NA,NA,NA,NA,NA,NA
"226","2020-09-06",6,3,NA,NA,NA,NA,NA,NA,NA
"227","2020-09-07",62,6,NA,NA,NA,NA,NA,NA,NA
"228","2020-09-08",100,15,NA,NA,NA,NA,NA,NA,NA
"229","2020-09-09",24,6,NA,NA,NA,NA,NA,NA,NA
"230","2020-09-10",45,1,NA,NA,NA,NA,NA,NA,NA
"231","2020-09-11",182,1,NA,NA,NA,NA,NA,NA,NA
"232","2020-09-12",58,5,NA,NA,NA,NA,NA,NA,NA
"233","2020-09-13",47,2,NA,NA,NA,NA,NA,NA,NA
"234","2020-09-14",31,3,NA,NA,NA,NA,NA,NA,NA
"235","2020-09-15",23,10,NA,NA,NA,NA,NA,NA,NA
"236","2020-09-16",62,1,NA,NA,NA,NA,NA,NA,NA
"237","2020-09-17",21,5,NA,NA,NA,NA,NA,NA,NA
"238","2020-09-18",95,4,NA,NA,NA,NA,NA,NA,NA
"239","2020-09-19",20,3,NA,NA,NA,NA,NA,NA,NA
"240","2020-09-20",52,12,NA,NA,NA,NA,NA,NA,NA
"241","2020-09-21",57,6,NA,NA,NA,NA,NA,NA,NA
"242","2020-09-22",82,10,NA,NA,NA,NA,NA,NA,NA
"243","2020-09-23",147,4,NA,NA,NA,NA,NA,NA,NA
"244","2020-09-24",72,2,NA,NA,NA,NA,NA,NA,NA
"245","2020-09-25",110,4,NA,NA,NA,NA,NA,NA,NA
"246","2020-09-26",82,3,NA,NA,NA,NA,NA,NA,NA
"247","2020-09-27",150,4,NA,NA,NA,NA,NA,NA,NA
"248","2020-09-28",115,3,NA,NA,NA,NA,NA,NA,NA
"249","2020-09-29",101,4,NA,NA,NA,NA,NA,NA,NA
"250","2020-09-30",89,3,NA,NA,NA,NA,NA,NA,NA
"251","2020-10-01",260,1,NA,NA,NA,NA,NA,NA,NA
"252","2020-10-02",287,0,NA,NA,NA,NA,NA,NA,NA
"253","2020-10-03",317,0,NA,NA,NA,NA,NA,NA,NA
"254","2020-10-04",293,1,NA,NA,NA,NA,NA,NA,NA
"255","2020-10-05",432,3,NA,NA,NA,NA,NA,NA,NA
"256","2020-10-06",691,3,NA,NA,NA,NA,NA,NA,NA
"257","2020-10-07",489,2,NA,NA,NA,NA,NA,NA,NA
"258","2020-10-08",375,4,NA,NA,NA,NA,NA,NA,NA
"259","2020-10-09",354,2,NA,NA,NA,NA,NA,NA,NA
"260","2020-10-10",374,2,NA,NA,NA,NA,NA,NA,NA
"261","2020-10-11",561,8,NA,NA,NA,NA,NA,NA,NA
"262","2020-10-12",563,1,NA,NA,NA,NA,NA,NA,NA
"263","2020-10-13",660,2,NA,NA,NA,NA,NA,NA,NA
"264","2020-10-14",660,6,NA,NA,NA,NA,NA,NA,NA
"265","2020-10-15",589,3,NA,NA,NA,NA,NA,NA,NA
"266","2020-10-16",629,2,NA,NA,NA,NA,NA,NA,NA
"267","2020-10-17",869,0,NA,NA,NA,NA,NA,NA,NA
"268","2020-10-18",871,5,NA,NA,NA,NA,NA,NA,NA
"269","2020-10-19",865,7,NA,NA,NA,NA,NA,NA,NA
"270","2020-10-20",862,2,NA,NA,NA,NA,NA,NA,NA
"271","2020-10-21",732,8,NA,NA,NA,NA,NA,NA,NA
"272","2020-10-22",847,5,NA,NA,NA,NA,NA,NA,NA
"273","2020-10-23",710,1,NA,NA,NA,NA,NA,NA,NA
"274","2020-10-24",1228,11,NA,NA,NA,NA,NA,NA,NA
"275","2020-10-25",823,0,NA,NA,NA,NA,NA,NA,NA
"276","2020-10-26",1240,2,NA,NA,NA,NA,NA,NA,NA
"277","2020-10-27",835,5,NA,NA,NA,NA,NA,NA,NA
"278","2020-10-28",801,2,NA,NA,NA,NA,NA,NA,NA
"279","2020-10-29",649,7,NA,NA,NA,NA,NA,NA,NA
"280","2020-10-30",799,0,NA,NA,NA,NA,NA,NA,NA
"281","2020-10-31",659,1,NA,NA,NA,NA,NA,NA,NA
"282","2020-11-01",957,0,NA,NA,NA,NA,NA,NA,NA
"283","2020-11-02",834,3,NA,NA,NA,NA,NA,NA,NA
"284","2020-11-03",1054,14,NA,NA,NA,NA,NA,NA,NA
"285","2020-11-04",1032,3,NA,NA,NA,NA,NA,NA,NA
"286","2020-11-05",1009,9,NA,NA,NA,NA,NA,NA,NA
"287","2020-11-06",1755,3,NA,NA,NA,NA,NA,NA,NA
"288","2020-11-07",1168,0,NA,NA,NA,NA,NA,NA,NA
"289","2020-11-08",852,13,NA,NA,NA,NA,NA,NA,NA
"290","2020-11-09",972,5,NA,NA,NA,NA,NA,NA,NA
"291","2020-11-10",869,1,NA,NA,NA,NA,NA,NA,NA
"292","2020-11-11",822,7,NA,NA,NA,NA,NA,NA,NA
"293","2020-11-12",919,3,NA,NA,NA,NA,NA,NA,NA
"294","2020-11-13",1304,4,NA,NA,NA,NA,NA,NA,NA
"295","2020-11-14",1114,2,NA,NA,NA,NA,NA,NA,NA
"296","2020-11-15",1208,6,NA,NA,NA,NA,NA,NA,NA
"297","2020-11-16",1103,1,NA,NA,NA,NA,NA,NA,NA
"298","2020-11-17",1210,19,NA,NA,NA,NA,NA,NA,NA
"299","2020-11-18",660,4,NA,NA,NA,NA,NA,NA,NA
"300","2020-11-19",1290,5,NA,NA,NA,NA,NA,NA,NA
"301","2020-11-20",958,5,NA,NA,NA,NA,NA,NA,NA
"302","2020-11-21",1041,2,NA,NA,NA,NA,NA,NA,NA
"303","2020-11-22",1096,6,NA,NA,NA,NA,NA,NA,NA
"304","2020-11-23",1884,2,NA,NA,NA,NA,NA,NA,NA
"305","2020-11-24",2188,0,NA,NA,NA,NA,NA,NA,NA
"306","2020-11-25",970,5,NA,NA,NA,NA,NA,NA,NA
"307","2020-11-26",935,4,NA,NA,NA,NA,NA,NA,NA
"308","2020-11-27",1109,10,NA,NA,NA,NA,NA,NA,NA
"309","2020-11-28",1315,5,NA,NA,NA,NA,NA,NA,NA
"310","2020-11-29",1309,1,NA,NA,NA,NA,NA,NA,NA
"311","2020-11-30",1212,9,NA,NA,NA,NA,NA,NA,NA
"312","2020-12-01",1472,5,NA,NA,NA,NA,NA,NA,NA
"313","2020-12-02",851,4,NA,NA,NA,NA,NA,NA,NA
"314","2020-12-03",1075,3,NA,NA,NA,NA,NA,NA,NA
"315","2020-12-04",1141,3,NA,NA,NA,NA,NA,NA,NA
"316","2020-12-05",1123,5,NA,NA,NA,NA,NA,NA,NA
"317","2020-12-06",1335,3,NA,NA,NA,NA,NA,NA,NA
"318","2020-12-07",1600,3,NA,NA,NA,NA,NA,NA,NA
"319","2020-12-08",1012,7,NA,NA,NA,NA,NA,NA,NA
"320","2020-12-09",959,6,NA,NA,NA,NA,NA,NA,NA
"321","2020-12-10",2234,5,NA,NA,NA,NA,NA,NA,NA
"322","2020-12-11",1810,11,NA,NA,NA,NA,NA,NA,NA
"323","2020-12-12",1937,2,NA,NA,NA,NA,NA,NA,NA
"324","2020-12-13",1229,2,NA,NA,NA,NA,NA,NA,NA
"325","2020-12-14",1371,1,NA,NA,NA,NA,NA,NA,NA
"326","2020-12-15",1772,12,NA,NA,NA,NA,NA,NA,NA
"327","2020-12-16",1295,10,NA,NA,NA,NA,NA,NA,NA
"328","2020-12-17",1220,6,NA,NA,NA,NA,NA,NA,NA
"329","2020-12-18",1683,8,NA,NA,NA,NA,NA,NA,NA
"330","2020-12-19",1153,2,NA,NA,NA,NA,NA,NA,NA
"331","2020-12-20",1340,3,NA,NA,NA,NA,NA,NA,NA
"332","2020-12-21",2018,7,NA,NA,NA,NA,NA,NA,NA
"333","2020-12-22",2062,4,NA,NA,NA,NA,NA,NA,NA
"334","2020-12-23",1348,16,NA,NA,NA,NA,NA,NA,NA
"335","2020-12-24",1581,2,NA,NA,NA,NA,NA,NA,NA
"336","2020-12-25",1247,2,NA,NA,NA,NA,NA,NA,NA
"337","2020-12-26",2335,11,NA,NA,NA,NA,NA,NA,NA
"338","2020-12-27",1196,5,NA,NA,NA,NA,NA,NA,NA
"339","2020-12-28",1594,3,NA,NA,NA,NA,NA,NA,NA
"340","2020-12-29",1925,10,NA,NA,NA,NA,NA,NA,NA
"341","2020-12-30",1870,2,NA,NA,NA,NA,NA,NA,NA
"342","2020-12-31",2525,13,NA,NA,NA,NA,NA,NA,NA
"343","2021-01-01",2068,2,0,0,35,17,0,18,671
"344","2021-01-02",2295,9,0,12,89,55,0,116,917
"345","2021-01-03",1704,5,0,0,56,4,0,113,737
"346","2021-01-04",1741,8,0,0,46,3,25,31,270
"347","2021-01-05",2027,16,0,41,124,0,260,97,166
"348","2021-01-06",2593,4,0,201,309,22,33,0,469
"349","2021-01-07",3027,6,0,0,305,41,23,209,1341
"350","2021-01-08",2643,2,0,2,626,140,13,24,1525
"351","2021-01-09",2451,5,0,3,515,42,16,23,1109
"352","2021-01-10",2433,7,0,6,439,22,8,0,393
"353","2021-01-11",2232,5,0,0,12,26,28,0,78
"354","2021-01-12",3309,6,0,25,0,8,33,0,31
"355","2021-01-13",2985,2,0,10,151,6,0,296,589
"356","2021-01-14",3337,7,0,1,260,12,0,153,921
"357","2021-01-15",3211,5,0,15,92,20,0,12,1068
"358","2021-01-16",4029,8,0,4,114,6,0,110,1168
"359","2021-01-17",3339,15,0,4,140,13,0,162,937
"360","2021-01-18",3306,7,0,4,135,40,0,107,854
"361","2021-01-19",3631,7,0,19,170,12,0,310,513
"362","2021-01-20",4008,5,0,9,225,48,0,113,966
"363","2021-01-21",3170,8,0,0,157,48,0,26,346
"364","2021-01-22",3631,6,0,15,177,54,0,89,538
"365","2021-01-23",4275,11,0,7,211,22,0,68,595
"366","2021-01-24",3346,7,0,24,211,8,0,242,537
"367","2021-01-25",3048,8,0,13,102,29,0,62,505
"368","2021-01-26",3585,2,0,11,209,21,0,59,414
"369","2021-01-27",3680,6,0,28,124,25,0,64,1170
"370","2021-01-28",4094,8,0,19,129,27,0,27,564
"371","2021-01-29",5725,7,0,21,150,10,0,419,1116
"372","2021-01-30",5728,5,0,11,154,9,0,132,1337
"373","2021-01-31",5298,3,0,8,97,82,0,97,1349
"374","2021-02-01",4214,9,0,2,30,33,0,135,882
"375","2021-02-02",3455,5,0,16,62,9,0,77,1089
"376","2021-02-03",4284,6,0,1,56,4,0,113,737
"377","2021-02-04",4571,3,0,0,43,16,23,22,330
"378","2021-02-05",3391,4,0,26,253,1,306,6,172
"379","2021-02-06",3847,4,0,145,265,16,24,54,538
"380","2021-02-07",3731,8,0,10,339,99,2,13,1358
"381","2021-02-08",3100,1,0,18,559,58,45,106,1256
"382","2021-02-09",2764,6,0,5,351,112,52,81,1110
"383","2021-02-10",3288,5,0,0,194,79,1,2,380
"384","2021-02-11",3384,15,0,0,15,3,7,0,121
"385","2021-02-12",3318,7,0,14,2,13,148,52,110
"386","2021-02-13",3499,1,0,0,91,16,0,70,1365
"387","2021-02-14",2464,3,0,11,79,3,0,54,627
"388","2021-02-15",2176,1,0,0,45,9,0,64,497
"389","2021-02-16",2720,0,0,0,85,11,0,57,1372
"390","2021-02-17",2998,7,0,0,83,63,0,103,1302
"391","2021-02-18",2712,4,0,40,35,39,0,43,1118
"392","2021-02-19",2936,9,0,5,37,11,0,112,1230
"393","2021-02-20",2461,0,0,20,61,3,0,298,743
"394","2021-02-21",3297,6,0,7,38,8,0,124,1870
"395","2021-02-22",2192,3,0,1,88,7,0,110,824
"396","2021-02-23",2468,4,0,0,74,3,0,175,805
"397","2021-02-24",3545,1,0,0,70,19,0,29,2338
"398","2021-02-25",1924,6,0,1,76,26,0,105,442
"399","2021-02-26",2253,7,0,11,140,27,0,95,863
"400","2021-02-27",2364,1,0,4,157,6,0,52,801
"401","2021-02-28",2437,1,0,0,114,9,0,85,1131
"402","2021-03-01",1828,7,0,0,41,25,0,83,432
"403","2021-03-02",1555,3,0,5,127,14,0,122,1465
"404","2021-03-03",1745,2,0,0,42,3,0,47,665
"405","2021-03-04",2063,9,0,0,111,4,19,15,624
"406","2021-03-05",2154,5,0,86,124,0,142,7,245
"407","2021-03-06",1680,3,54,197,270,3,22,5,903
"408","2021-03-07",1683,10,0,0,244,13,3,187,1152
"409","2021-03-08",1529,9,0,20,556,81,20,44,906
"410","2021-03-09",1280,2,0,5,562,64,12,102,1191
"411","2021-03-10",1448,10,0,1,224,17,1,5,140
"412","2021-03-11",1647,5,0,4,39,2,8,4,92
"413","2021-03-12",1575,7,0,6,0,3,104,0,66
"414","2021-03-13",1470,12,0,0,53,0,0,89,270
"415","2021-03-14",1354,14,0,0,48,0,0,64,209
"416","2021-03-15",1208,9,0,1,59,1,0,6,238
"417","2021-03-16",1063,4,0,1,76,0,0,8,247
"418","2021-03-17",1219,7,4,1,88,0,0,39,377
"419","2021-03-18",1213,6,0,0,49,2,0,142,195
"420","2021-03-19",1576,11,0,0,80,0,0,298,454
"421","2021-03-20",1671,2,0,0,53,3,0,236,326
"422","2021-03-21",1327,11,3,0,67,0,14,0,343
"423","2021-03-22",1116,8,0,0,19,1,10,111,361
"424","2021-03-23",1384,9,2,0,35,0,8,37,592
"425","2021-03-24",1268,5,0,0,34,22,7,41,385
"426","2021-03-25",1360,1,0,0,110,1,16,62,207
"427","2021-03-26",1275,32,0,0,47,0,31,22,300
"428","2021-03-27",1199,5,0,0,117,6,32,8,243
"429","2021-03-28",1302,9,0,0,28,0,22,283,223
"430","2021-03-29",941,8,0,0,26,0,21,63,155
"431","2021-03-30",1133,8,0,0,41,1,28,87,213
"432","2021-03-31",1482,2,0,0,47,7,62,39,540
"433","2021-04-01",1178,20,0,0,47,7,0,37,518
"434","2021-04-02",1294,26,0,11,149,14,0,237,1268
"435","2021-04-03",1638,7,0,0,105,15,0,99,645
"436","2021-04-04",1349,7,0,0,105,7,18,197,254
"437","2021-04-05",1070,9,0,50,152,0,230,70,199
"438","2021-04-06",1300,24,0,83,213,4,70,2,879
"439","2021-04-07",1139,13,0,7,297,73,10,34,1121
"440","2021-04-08",1285,17,0,23,748,36,29,74,1169
"441","2021-04-09",1854,20,0,4,250,8,100,54,886
"442","2021-04-10",1510,5,0,5,73,25,8,7,613
"443","2021-04-11",1739,8,0,0,19,18,18,2,105
"444","2021-04-12",1317,12,0,3,1,22,52,0,81
"445","2021-04-13",1767,9,0,7,142,1,47,21,342
"446","2021-04-14",1889,6,0,28,116,1,59,94,235
"447","2021-04-15",2148,19,0,33,270,0,118,57,332
"448","2021-04-16",2551,29,0,34,93,0,446,82,227
"449","2021-04-17",2331,12,0,37,99,0,185,39,179
"450","2021-04-18",2195,10,0,19,74,0,183,18,356
"451","2021-04-19",2078,13,0,17,182,0,175,13,171
"452","2021-04-20",2341,7,0,3,121,0,235,4,95
"453","2021-04-21",2340,12,0,14,121,0,325,40,120
"454","2021-04-22",2875,29,0,37,65,1,501,51,152
"455","2021-04-23",2847,4,0,17,131,0,283,62,97
"456","2021-04-24",2717,27,0,19,108,0,242,21,128
"457","2021-04-25",2690,10,0,50,121,0,166,18,349
"458","2021-04-26",2776,4,0,56,113,0,105,17,287
"459","2021-04-27",2733,5,0,17,105,17,161,36,256
"460","2021-04-28",3142,13,0,34,144,18,213,5,57
"461","2021-04-29",3332,9,0,47,138,1,151,45,127
"462","2021-04-30",3788,2,0,36,208,11,271,42,217
"463","2021-05-01",2881,16,0,0,30,14,0,111,590
"464","2021-05-02",3418,10,0,6,88,39,0,145,762
"465","2021-05-03",2500,4,0,6,65,1,0,81,813
"466","2021-05-04",3120,6,0,0,97,1,26,14,116
"467","2021-05-05",3744,7,0,34,141,0,126,34,204
"468","2021-05-06",3551,16,0,148,274,17,8,66,791
"469","2021-05-07",4498,5,0,0,350,55,0,40,1182
"470","2021-05-08",4519,5,0,12,682,65,41,165,1346
"471","2021-05-09",3733,6,0,6,447,98,23,41,1385
"472","2021-05-10",3807,5,0,0,199,30,10,3,377
"473","2021-05-11",3973,5,0,0,60,0,35,0,59
"474","2021-05-12",4765,7,0,13,3,12,69,0,39
"475","2021-05-13",4855,3,0,69,180,3,255,0,323
"476","2021-05-14",4113,1,0,111,215,28,52,0,383
"477","2021-05-15",4140,9,0,169,179,13,57,29,397
"478","2021-05-16",3780,2,0,158,111,3,49,0,262
"479","2021-05-17",4446,3,0,131,203,7,74,0,230
"480","2021-05-18",4865,5,0,158,182,6,74,0,181
"481","2021-05-19",6075,3,0,267,193,1,107,0,687
"482","2021-05-20",6806,2,0,359,230,16,158,0,527
"483","2021-05-21",6493,2,0,310,149,1,75,2,362
"484","2021-05-22",6320,3,0,240,230,25,38,0,365
"485","2021-05-23",6976,9,0,336,317,15,50,6,422
"486","2021-05-24",6509,26,19,244,310,25,45,12,505
"487","2021-05-25",7289,4,0,278,312,43,43,0,367
"488","2021-05-26",7478,5,0,259,234,5,63,0,411
"489","2021-05-27",7857,9,0,247,311,14,43,48,335
"490","2021-05-28",8290,2,0,294,298,7,57,60,625
"491","2021-05-29",9020,6,0,328,385,18,30,78,486
"492","2021-05-30",6999,4,0,161,641,117,399,0,1091
"493","2021-05-31",6824,3,0,148,268,14,33,0,620
"494","2021-06-01",7105,2,0,2,21,12,0,81,1463
"495","2021-06-02",7703,2,0,6,120,15,0,133,1020
"496","2021-06-03",8209,64,0,0,64,15,0,54,428
"497","2021-06-04",7748,2,0,9,70,0,35,144,176
"498","2021-06-05",7452,8,0,58,121,9,195,3,360
"499","2021-06-06",6241,14,0,64,250,3,35,58,601
"500","2021-06-07",5271,14,0,0,288,42,45,46,1746
"501","2021-06-08",5566,4,0,16,492,64,22,92,1260
"502","2021-06-09",6239,11,0,0,204,63,23,71,1015
"503","2021-06-10",5671,8,0,2,147,35,6,2,234
"504","2021-06-11",6849,4,0,0,0,21,9,0,82
"505","2021-06-12",5793,6,0,10,0,2,30,0,55
"506","2021-06-13",5304,5,0,39,201,13,33,0,931
"507","2021-06-14",4949,6,0,13,144,46,15,35,881
"508","2021-06-15",5419,6,0,25,218,65,4,3,843
"509","2021-06-16",5150,3,0,7,130,46,4,2,618
"510","2021-06-17",5738,3,0,12,239,16,7,31,1094
"511","2021-06-18",6440,5,0,18,158,49,1,101,1348
"512","2021-06-19",5911,1,0,10,266,82,23,263,1163
"513","2021-06-20",5293,7,0,19,192,33,4,78,1116
"514","2021-06-21",4611,8,0,3,312,16,1,221,917
"515","2021-06-22",4743,2,0,10,219,36,15,85,826
"516","2021-06-23",5244,7,0,24,316,32,33,46,805
"517","2021-06-24",5841,8,0,11,372,43,5,79,1059
"518","2021-06-25",5812,32,0,0,386,33,17,84,1318
"519","2021-06-26",5803,10,0,13,225,16,21,203,1133
"520","2021-06-27",5586,3,0,2,240,58,4,202,1325
"521","2021-06-28",5218,7,0,1,278,12,18,111,1074
"522","2021-06-29",6437,14,0,2,444,32,5,86,1332
"523","2021-06-30",6276,16,0,8,259,62,9,104,877
"524","2021-07-01",6988,5,0,2,38,8,0,63,1403
"525","2021-07-02",6982,3,0,2,138,11,0,43,1164
"526","2021-07-03",6658,11,0,1,60,1,0,61,454
"527","2021-07-04",6045,20,4,1,179,13,8,27,156
"528","2021-07-05",6387,26,0,110,213,2,168,4,376
"529","2021-07-06",7654,11,0,66,233,31,34,11,442
"530","2021-07-07",7097,26,0,1,370,82,92,166,927
"531","2021-07-08",8868,10,0,20,579,32,14,97,1080
"532","2021-07-09",9180,7,0,0,592,66,19,74,1082
"533","2021-07-10",9353,11,0,0,240,111,41,5,300
"534","2021-07-11",9105,18,0,0,29,0,5,0,90
"535","2021-07-12",8574,40,0,3,13,39,36,0,47
"536","2021-07-13",11079,27,0,6,587,41,0,214,1375
"537","2021-07-14",11618,26,0,0,430,189,3,97,1070
"538","2021-07-15",13215,13,0,1,654,67,54,195,1207
"539","2021-07-16",12541,16,0,2,468,99,36,179,1518
"540","2021-07-17",12528,19,0,0,425,100,41,268,1772
"541","2021-07-18",10710,12,0,0,375,69,34,358,1015
"542","2021-07-19",10972,48,4,0,416,55,22,247,1358
"543","2021-07-20",12366,8,0,0,369,128,20,369,1062
"544","2021-07-21",11985,7,0,19,463,107,89,77,952
"545","2021-07-22",13034,25,0,2,611,72,52,191,1163
"546","2021-07-23",15573,32,0,19,474,142,17,101,864
"547","2021-07-24",15902,26,8,3,515,89,36,123,1298
"548","2021-07-25",17045,6,0,3,711,87,28,114,1552
"549","2021-07-26",14516,3,0,7,559,57,19,29,1504
"550","2021-07-27",16117,26,0,1,619,90,30,110,1350
"551","2021-07-28",17405,6,0,6,621,125,25,74,1580
"552","2021-07-29",17170,32,0,2,567,77,19,266,968
"553","2021-07-30",16840,17,0,5,822,84,9,61,1569
"554","2021-07-31",17786,9,0,49,825,64,8,84,1283
"555","2021-08-01",17150,1,0,0,75,10,0,131,935
"556","2021-08-02",15764,6,0,1,26,14,0,29,1426
"557","2021-08-03",17105,37,0,6,34,1,0,34,232
"558","2021-08-04",19819,23,0,5,63,0,13,105,186
"559","2021-08-05",20596,34,0,91,124,5,67,10,433
"560","2021-08-06",20889,13,0,72,268,72,31,7,830
"561","2021-08-07",19257,16,0,6,474,75,23,25,1645
"562","2021-08-08",18688,10,0,88,475,80,12,106,1172
"563","2021-08-09",17236,29,0,1,466,48,58,85,1038
"564","2021-08-10",19991,0,0,0,157,17,16,8,184
"565","2021-08-11",20780,15,0,1,1,3,10,2,63
"566","2021-08-12",21668,58,0,2,3,0,32,1,116
"567","2021-08-13",21468,25,0,15,391,144,43,33,1230
"568","2021-08-14",20670,8,0,6,517,83,19,71,1150
"569","2021-08-15",20546,14,0,9,555,48,28,259,1112
"570","2021-08-16",19740,19,0,12,615,71,16,52,1571
"571","2021-08-17",19631,7,0,13,561,55,2,175,1042
"572","2021-08-18",22242,4,0,24,556,61,4,80,1395
"573","2021-08-19",22948,9,0,27,481,44,10,136,1131
"574","2021-08-20",23564,23,0,6,764,31,33,38,1588
"575","2021-08-21",22262,40,0,21,601,61,12,183,1104
"576","2021-08-22",19807,5,0,7,416,36,4,97,1033
"577","2021-08-23",17672,8,0,6,588,93,5,73,904
"578","2021-08-24",20837,22,0,10,457,29,2,76,1480
"579","2021-08-25",22642,5,0,11,424,68,3,186,1384
"580","2021-08-26",24599,8,0,24,542,93,35,73,1944
"581","2021-08-27",22070,15,0,2,474,17,3,150,1022
"582","2021-08-28",22597,12,0,6,467,84,7,92,1505
"583","2021-08-29",20579,7,0,12,392,16,4,81,1458
"584","2021-08-30",19268,16,0,4,460,37,72,89,1034
"585","2021-08-31",20897,1,0,1,260,38,11,43,734
"586","2021-09-01",18762,5,0,1,91,7,0,327,472
"587","2021-09-02",20988,1,0,1,22,10,0,51,789
"588","2021-09-03",19378,14,0,0,97,13,0,5,357
"589","2021-09-04",19057,10,0,2,190,0,32,58,241
"590","2021-09-05",20396,8,0,54,143,8,83,4,378
"591","2021-09-06",17352,8,0,47,212,23,28,109,589
"592","2021-09-07",18547,18,0,2,339,41,5,169,1462
"593","2021-09-08",19733,3,0,17,534,14,4,182,933
"594","2021-09-09",19307,6,0,0,332,0,74,39,918
"595","2021-09-10",21176,4,0,0,271,105,42,0,203
"596","2021-09-11",19550,7,0,0,8,5,46,0,75
"597","2021-09-12",19198,5,0,0,1,8,153,0,205
"598","2021-09-13",16073,21,0,20,427,42,11,32,674
"599","2021-09-14",15669,17,0,6,360,35,5,20,498
"600","2021-09-15",19495,11,0,16,485,91,39,15,556
"601","2021-09-16",18815,7,0,4,456,47,45,54,775
"602","2021-09-17",17577,3,0,3,432,31,13,20,1055
"603","2021-09-18",15549,5,0,1,331,48,23,22,693
"604","2021-09-19",14954,11,0,8,196,39,3,72,720
"605","2021-09-20",14345,43,24,4,447,7,1,10,523
"606","2021-09-21",15759,27,0,3,301,45,15,2,622
"607","2021-09-22",14990,5,0,8,210,35,49,17,595
"608","2021-09-23",13754,4,0,1,303,20,7,6,658
"609","2021-09-24",14554,9,0,0,405,45,34,4,582
"610","2021-09-25",13899,6,0,3,284,72,23,24,470
"611","2021-09-26",13104,8,0,0,222,6,51,5,541
"612","2021-09-27",10959,12,0,0,256,66,30,15,430
"613","2021-09-28",11332,23,0,3,298,0,3,56,355
"614","2021-09-29",12434,8,0,0,328,18,7,13,344
"615","2021-09-30",12735,17,0,0,294,24,11,3,432
"616","2021-10-01",11889,14,0,7,83,13,0,86,492
"617","2021-10-02",10915,7,0,0,43,23,0,63,1309
"618","2021-10-03",9066,12,8,0,87,2,0,15,587
"619","2021-10-04",8075,6,0,2,91,3,8,34,131
"620","2021-10-05",8817,14,0,129,216,0,84,1,210
"621","2021-10-06",9380,13,0,66,218,21,48,4,825
"622","2021-10-07",9890,18,0,12,359,73,13,80,2135
"623","2021-10-08",9751,15,0,32,716,24,29,49,1236
"624","2021-10-09",8743,14,0,0,326,36,40,23,1446
"625","2021-10-10",7373,2,0,1,142,48,15,3,125
"626","2021-10-11",6709,6,0,0,2,19,55,2,169
"627","2021-10-12",7276,10,0,3,1,12,52,0,122
"628","2021-10-13",7950,29,0,24,95,78,66,44,193
"629","2021-10-14",8084,21,0,10,78,75,34,0,155
"630","2021-10-15",7420,17,0,0,86,18,27,6,279
"631","2021-10-16",7509,16,0,0,64,40,67,3,153
"632","2021-10-17",6145,12,0,0,140,12,14,5,231
"633","2021-10-18",5434,5,0,14,45,24,34,0,239
"634","2021-10-19",5745,12,0,3,32,4,32,0,148
"635","2021-10-20",5516,14,0,0,34,19,10,0,143
"636","2021-10-21",6210,42,0,6,66,19,19,0,193
"637","2021-10-22",6630,15,0,9,100,4,31,0,106
"638","2021-10-23",5828,7,0,6,68,12,8,0,162
"639","2021-10-24",5666,20,0,7,37,10,3,0,91
"640","2021-10-25",4782,15,0,5,12,5,21,0,66
"641","2021-10-26",5726,15,0,0,15,1,25,0,169
"642","2021-10-27",6148,21,0,5,30,3,14,0,148
"643","2021-10-28",6377,32,0,2,27,26,35,1,140
"644","2021-10-29",6060,13,0,3,32,18,60,0,87
"645","2021-10-30",5854,13,0,0,40,10,50,0,174
"646","2021-10-31",4979,23,0,0,12,3,37,0,69
"647","2021-11-01",4626,6,0,5,127,12,0,197,348
"648","2021-11-02",5071,15,0,0,94,28,0,93,1388
"649","2021-11-03",5291,7,0,2,88,4,0,116,399
"650","2021-11-04",5713,32,0,2,141,0,25,56,339
"651","2021-11-05",4922,10,0,90,137,18,207,0,181
"652","2021-11-06",4701,28,0,39,185,45,22,30,1865
"653","2021-11-07",4343,9,0,4,496,54,1,15,1271
"654","2021-11-08",4543,15,0,33,654,69,8,17,1262
"655","2021-11-09",5403,25,0,0,551,99,51,38,1052
"656","2021-11-10",6243,24,0,5,137,28,7,0,105
"657","2021-11-11",6323,25,0,0,6,24,24,0,81
"658","2021-11-12",6517,16,0,0,5,6,18,0,76
"659","2021-11-13",5809,27,0,0,2,29,28,0,59
"660","2021-11-14",5162,11,0,0,3,28,5,0,70
"661","2021-11-15",5143,13,0,0,0,2,93,5,51
"662","2021-11-16",5413,17,0,0,39,5,16,0,138
"663","2021-11-17",6288,22,0,0,34,0,15,0,113
"664","2021-11-18",6380,28,0,0,27,41,68,0,111
"665","2021-11-19",6355,31,0,0,18,7,40,0,103
"666","2021-11-20",5859,19,0,0,21,0,34,0,101
"667","2021-11-21",4854,12,0,0,14,4,8,5,83
"668","2021-11-22",4885,18,0,0,14,2,42,3,167
"669","2021-11-23",5594,24,0,23,4,6,88,0,91
"670","2021-11-24",5755,23,0,3,16,3,36,0,117
"671","2021-11-25",6144,12,0,15,22,16,28,0,124
"672","2021-11-26",5501,25,0,11,8,5,52,0,47
"673","2021-11-27",5097,17,0,6,8,45,40,30,36
"674","2021-11-28",4239,12,0,4,6,2,30,0,46
"675","2021-11-29",4087,21,0,0,23,6,109,0,44
"676","2021-11-30",4879,24,0,25,0,28,33,0,31
"677","2021-12-01",5439,21,0,4,208,16,0,439,769
"678","2021-12-02",5806,11,0,0,36,11,0,37,1459
"679","2021-12-03",5551,23,0,0,53,3,0,69,244
"680","2021-12-04",4896,18,0,0,71,0,3,8,236
"681","2021-12-05",4298,23,0,38,169,4,137,46,382
"682","2021-12-06",4262,15,1,28,233,24,12,44,859
"683","2021-12-07",4965,29,0,3,356,52,7,138,931
"684","2021-12-08",5020,17,0,11,621,33,15,81,1120
"685","2021-12-09",5446,20,0,2,544,12,9,69,947
"686","2021-12-10",5058,17,0,10,140,20,64,0,145
"687","2021-12-11",4626,20,0,0,26,13,69,0,132
"688","2021-12-12",3490,14,0,0,8,41,42,0,76
"689","2021-12-13",3504,24,0,0,30,12,27,0,34
"690","2021-12-14",4097,18,0,0,0,17,12,0,123
"691","2021-12-15",3900,19,0,0,8,17,49,1,62
"692","2021-12-16",4262,36,2,0,15,1,19,0,88
"693","2021-12-17",4362,28,0,0,31,46,30,0,101
"694","2021-12-18",4083,34,0,0,12,21,4,0,172
"695","2021-12-19",3108,37,0,0,18,0,22,0,48
"696","2021-12-20",2589,46,2,0,10,0,5,2,15
"697","2021-12-21",3140,58,0,0,1,1,25,0,20
"698","2021-12-22",3519,100,6,0,4,46,9,0,14
"699","2021-12-23",3510,95,5,2,20,15,2,1,14
"700","2021-12-24",3528,103,0,0,35,6,8,0,45
"701","2021-12-25",3160,156,0,1,17,10,16,0,27
"702","2021-12-26",2778,129,0,3,1,0,4,0,50
"703","2021-12-27",2757,147,5,0,14,9,5,0,55
"704","2021-12-28",2897,192,2,0,22,3,6,0,18
"705","2021-12-29",3683,239,9,1,3,0,5,0,86
"706","2021-12-30",3997,366,0,1,9,13,2,0,62
"707","2021-12-31",3573,343,3,2,9,1,4,29,93
"708","2022-01-01",3386,346,8,2,9,5,4,70,113
"709","2022-01-02",2882,333,0,2,6,4,285,3,63
"710","2022-01-03",2690,300,0,0,0,52,191,6,235
"711","2022-01-04",2842,332,0,0,0,21,6,0,51
"712","2022-01-05",3270,252,0,0,0,0,1,0,0
"713","2022-01-06",3543,364,0,0,0,0,0,0,0
"714","2022-01-07",3381,319,0,0,0,0,1,0,0
"715","2022-01-08",3251,299,0,0,0,6,0,0,0
"716","2022-01-09",2888,323,0,0,0,0,0,0,0
"717","2022-01-10",2641,338,0,0,0,0,0,0,0
"718","2022-01-11",3175,272,0,0,0,5,0,0,30
"719","2022-01-12",3198,303,0,0,0,10,96,0,0
"720","2022-01-13",3684,321,5,29,33,1,38,0,44
"721","2022-01-14",3346,267,0,8,14,1,99,0,36
"722","2022-01-15",3074,319,23,6,8,6,69,0,22
"723","2022-01-16",3010,263,0,20,18,40,183,0,31
"724","2022-01-17",2342,180,20,0,4,11,151,0,13
"725","2022-01-18",3245,274,0,22,7,17,297,0,45
"726","2022-01-19",3229,239,0,1,0,1,415,0,40
"727","2022-01-20",3764,522,0,2,1,14,378,2,117
"728","2022-01-21",4046,489,0,11,5,0,594,0,62
"729","2022-01-22",4116,498,0,3,3,2,365,7,61
"730","2022-01-23",3856,492,0,1,4,1,477,0,49
"731","2022-01-24",3214,406,0,19,0,0,330,0,22
"732","2022-01-25",4066,442,0,4,3,0,452,0,71
"733","2022-01-26",4744,429,0,5,5,5,459,0,158
"734","2022-01-27",5439,332,0,4,7,6,920,0,77
"735","2022-01-28",5522,373,0,0,3,5,381,0,243
"736","2022-01-29",5139,226,0,0,0,2,342,3,127
"737","2022-01-30",4915,188,0,0,7,14,382,17,110
"738","2022-01-31",4774,152,0,0,17,8,383,1,74
"739","2022-02-01",5566,227,2,1,2,2,16,53,27
"740","2022-02-02",5736,183,0,0,8,12,355,3,169
"741","2022-02-03",5720,130,0,0,0,54,106,19,183
"742","2022-02-04",7234,234,0,0,0,5,12,0,19
"743","2022-02-05",9117,134,0,0,0,0,0,0,0
"744","2022-02-06",10089,143,0,0,0,0,22,0,0
"745","2022-02-07",11034,77,0,0,0,33,6,0,7
"746","2022-02-08",13944,153,0,0,0,1,3,0,16
"747","2022-02-09",17134,130,0,0,0,0,2,0,0
"748","2022-02-10",19090,134,0,0,0,0,0,0,0
"749","2022-02-11",20939,121,0,0,0,0,8,0,19
"750","2022-02-12",22802,94,0,0,0,0,7,0,0
"751","2022-02-13",21072,65,0,1,1,24,338,0,43
"752","2022-02-14",21315,81,0,0,0,10,426,1,173
"753","2022-02-15",22133,80,0,0,0,16,372,3,57
"754","2022-02-16",27831,118,7,0,0,8,724,141,139
"755","2022-02-17",26701,132,0,0,8,24,572,4,149
"756","2022-02-18",27808,119,0,0,0,28,625,8,65
"757","2022-02-19",28825,91,0,0,0,12,433,36,55
"758","2022-02-20",26832,68,0,0,0,26,449,17,103
"759","2022-02-21",25099,85,0,0,0,3,233,1,38
"760","2022-02-22",27179,120,0,0,0,13,337,2,76
"761","2022-02-23",31199,119,0,0,0,13,504,38,72
"762","2022-02-24",32070,209,0,0,21,96,317,9,100
"763","2022-02-25",30644,257,0,0,0,45,141,97,242
"764","2022-02-26",27299,256,0,0,20,40,246,22,44
"765","2022-02-27",24466,246,0,0,0,4,81,0,185
"766","2022-02-28",23100,298,0,0,11,5,66,4,68
"767","2022-03-01",25854,448,15,0,1,2,9,0,28
"768","2022-03-02",27500,428,0,0,4,14,279,4,73
"769","2022-03-03",32467,413,0,0,8,40,256,34,134
"770","2022-03-04",33209,441,0,0,0,0,6,0,2
"771","2022-03-05",33406,342,0,0,0,0,0,0,0
"772","2022-03-06",27435,254,0,0,0,0,1,0,0
"773","2022-03-07",26856,211,0,0,0,0,1,0,5
"774","2022-03-08",31490,473,0,0,0,0,23,0,0
"775","2022-03-09",30246,418,0,0,0,0,0,0,0
"776","2022-03-10",30787,608,0,0,0,2,0,0,11
"777","2022-03-11",32800,541,0,0,0,12,21,0,17
"778","2022-03-12",26250,545,0,0,0,0,4,0,0
"779","2022-03-13",22535,361,0,0,7,40,8,61,153
"780","2022-03-14",22030,394,0,0,3,7,56,10,104
"781","2022-03-15",26534,691,0,0,3,7,56,10,104
"782","2022-03-16",28298,697,0,0,0,40,227,12,61
"783","2022-03-17",27004,719,0,0,3,131,80,107,126
"784","2022-03-18",24241,521,0,0,5,37,74,2,56
"785","2022-03-19",22341,524,0,0,3,72,68,9,172
"786","2022-03-20",19105,386,0,0,2,28,47,2,17
"787","2022-03-21",17828,407,0,0,0,13,24,0,19
"788","2022-03-22",21483,394,0,0,0,44,83,1,45
"789","2022-03-23",22491,382,0,0,0,44,83,1,45
"790","2022-03-24",24316,297,0,0,0,52,15,0,39
"791","2022-03-25",21839,287,0,0,0,61,17,0,95
"792","2022-03-26",20923,228,0,0,0,16,16,0,6
"793","2022-03-27",16863,238,0,0,0,7,18,0,14
"794","2022-03-28",13336,189,0,0,0,11,19,0,21
"795","2022-03-29",15215,250,0,0,0,17,29,0,1
"796","2022-03-30",15941,168,0,0,0,45,12,0,3
"797","2022-03-31",18560,187,0,0,0,45,12,0,3
"798","2022-04-01",17476,164,4,2,1,1,16,0,9
"799","2022-04-02",14692,218,0,2,8,5,292,33,153
"800","2022-04-03",12380,462,0,0,6,27,264,20,155
"801","2022-04-04",10002,98,0,0,0,0,2,0,0
"802","2022-04-05",12017,59,0,0,0,0,0,0,0
"803","2022-04-06",12105,43,0,0,0,0,1,0,0
"804","2022-04-07",11994,25,0,0,0,0,0,0,3
"805","2022-04-08",14944,104,0,0,0,3,3,0,11
"806","2022-04-09",10177,53,0,0,0,0,0,0,0
"807","2022-04-10",8112,25,0,0,0,0,0,0,0
"808","2022-04-11",7739,23,0,0,0,0,168,0,45
"809","2022-04-12",9002,52,0,0,0,0,9,0,0
"810","2022-04-13",10052,21,0,0,0,0,125,0,2
"811","2022-04-14",10413,27,0,0,0,3,280,0,1
"812","2022-04-15",9673,25,0,0,0,11,394,0,0
"813","2022-04-16",9705,30,0,0,0,0,498,0,9
"814","2022-04-17",6623,13,0,0,0,0,205,0,0
"815","2022-04-18",7140,264,0,0,0,0,80,0,0
"816","2022-04-19",6069,110,0,0,0,0,465,0,0
"817","2022-04-20",6968,32,0,0,0,0,322,0,0
"818","2022-04-21",5899,16,0,0,0,0,129,0,0
"819","2022-04-22",6342,20,0,0,0,10,125,0,0
"820","2022-04-23",5624,17,0,0,0,0,53,0,0
"821","2022-04-24",4006,7,0,0,0,0,29,0,0
"822","2022-04-25",2478,7,0,0,0,24,46,0,0
"823","2022-04-26",3361,6,0,0,0,0,75,0,0
"824","2022-04-27",3471,10,0,0,0,6,57,0,0
"825","2022-04-28",2935,9,0,0,0,0,24,0,0
"826","2022-04-29",2579,6,0,0,0,0,10,0,0
"827","2022-04-30",2107,16,0,0,0,26,1,0,0
"828","2022-05-01",1503,6,6,0,2,26,4,0,23
"829","2022-05-02",1352,4,0,0,38,10,235,2,73
"830","2022-05-03",922,1,0,0,9,75,127,72,111
"831","2022-05-04",1054,1,0,0,0,1,14,0,0
"832","2022-05-05",1278,3,0,0,0,0,0,0,0
"833","2022-05-06",1251,9,0,0,0,0,0,0,0
"834","2022-05-07",1372,5,0,0,0,5,21,0,0
"835","2022-05-08",2153,2,0,0,0,28,0,0,0
"836","2022-05-09",2246,5,0,0,0,1,0,0,0
"837","2022-05-10",2605,4,0,0,0,0,0,0,0
"838","2022-05-11",3321,10,0,0,0,0,160,0,11
"839","2022-05-12",3410,5,0,0,0,0,14,0,0
"840","2022-05-13",3029,0,0,0,0,0,0,0,0
"841","2022-05-14",2373,3,0,0,0,0,0,0,0
"842","2022-05-15",2239,3,0,0,0,0,0,0,0
"843","2022-05-16",1697,0,0,0,0,0,0,0,0
"844","2022-05-17",1469,3,0,0,0,0,0,0,0
"845","2022-05-18",2017,4,0,0,0,0,0,0,0
"846","2022-05-19",2124,1,0,0,0,0,0,0,0
"847","2022-05-20",2063,3,0,0,0,0,0,0,0
"848","2022-05-21",2021,1,0,0,0,0,0,0,0
"849","2022-05-22",1817,3,0,0,1,0,0,0,0
"850","2022-05-23",1544,3,0,0,0,0,0,0,0
"851","2022-05-24",1918,22,0,0,0,0,0,0,0
"852","2022-05-25",2430,12,0,0,1,0,0,0,0
"853","2022-05-26",1845,9,0,0,0,0,0,0,0
"854","2022-05-27",1877,4,0,0,3,0,0,0,0
"855","2022-05-28",1645,1,0,0,3,0,0,0,0
"856","2022-05-29",1155,3,0,0,3,0,0,0,0
"857","2022-05-30",1325,2,0,0,0,0,0,0,0
"858","2022-05-31",1451,6,0,0,0,23,0,0,0
"859","2022-06-01",1809,5,21,0,2,6,7,7,68
"860","2022-06-02",1877,6,0,5,12,22,303,0,132
"861","2022-06-03",1844,3,0,0,0,9,57,5,145
"862","2022-06-04",1591,5,0,0,0,1,17,0,2
"863","2022-06-05",1358,2,0,0,0,0,0,0,0
"864","2022-06-06",1330,4,0,0,0,0,0,0,0
"865","2022-06-07",1128,1,0,0,0,0,0,0,1
"866","2022-06-08",1518,1,0,0,0,9,0,0,0
"867","2022-06-09",1887,8,0,0,0,0,0,0,0
"868","2022-06-10",2166,1,0,0,0,0,0,0,0
"869","2022-06-11",1709,3,0,0,0,12,71,0,4
"870","2022-06-12",1571,1,0,0,0,6,0,0,0
"871","2022-06-13",2092,0,0,0,0,0,6,0,0
"872","2022-06-14",1922,3,0,0,0,0,1,0,0
"873","2022-06-15",2320,4,0,0,0,0,3,0,0
"874","2022-06-16",2033,0,0,0,0,0,0,0,0
"875","2022-06-17",2130,0,0,0,0,0,1,0,0
"876","2022-06-18",2127,0,0,0,0,0,0,0,0
"877","2022-06-19",1690,10,0,0,0,0,0,0,0
"878","2022-06-20",2093,1,0,0,0,0,1,0,0
"879","2022-06-21",1921,114,0,0,0,0,0,0,0
"880","2022-06-22",2425,8,0,0,0,0,0,0,0
"881","2022-06-23",2796,209,0,0,0,0,83,0,0
"882","2022-06-24",2512,194,0,0,0,0,10,0,0
"883","2022-06-25",2302,2,0,0,0,19,20,0,0
"884","2022-06-26",2003,3,0,0,0,0,1,0,0
"885","2022-06-27",1894,6,0,0,0,0,9,0,0
"886","2022-06-28",2025,20,0,0,0,1,1,0,0
"887","2022-06-29",2605,3,0,0,0,0,0,0,0
"888","2022-06-30",2867,4,0,0,0,0,6,0,0
"889","2022-07-01",2773,4,5,0,23,3,4,0,37
"890","2022-07-02",2527,4,0,1,15,4,161,1,94
"891","2022-07-03",2536,3,0,0,3,3,369,8,104
"892","2022-07-04",1918,2,0,0,1,10,2,0,31
"893","2022-07-05",2932,2,0,0,0,0,0,0,0
"894","2022-07-06",3561,9,0,0,0,0,0,0,0
"895","2022-07-07",4020,9,0,0,0,0,0,0,0
"896","2022-07-08",3589,3,0,0,0,0,0,0,0
"897","2022-07-09",2799,2,0,0,0,3,2,0,0
"898","2022-07-10",3264,5,0,0,0,0,0,0,0
"899","2022-07-11",2417,4,0,0,0,1,3,0,1
"900","2022-07-12",2345,3,0,0,0,5,31,0,0
"901","2022-07-13",3934,7,0,0,0,0,3,0,0
"902","2022-07-14",4098,5,0,0,0,0,0,0,0
"903","2022-07-15",5230,11,0,0,0,0,0,0,0
"904","2022-07-16",5047,3,0,0,0,0,0,0,0
"905","2022-07-17",3936,1,0,0,0,0,0,0,0
"906","2022-07-18",3080,1,0,0,0,0,0,0,0
"907","2022-07-19",3902,4,0,0,0,24,4,22,0
"908","2022-07-20",5685,2,0,0,0,0,0,0,0
"909","2022-07-21",4587,11,0,0,0,0,17,0,0
"910","2022-07-22",3880,7,0,0,0,17,14,0,0
"911","2022-07-23",4816,2,0,0,0,0,0,0,0
"912","2022-07-24",2720,5,0,0,0,0,1,0,0
"913","2022-07-25",3300,2,0,0,0,10,4,0,0
"914","2022-07-26",4759,3,0,0,0,30,31,0,0
"915","2022-07-27",4503,6,0,0,0,1,10,0,0
"916","2022-07-28",3926,23,0,0,0,17,3,0,0
"917","2022-07-29",4860,11,0,0,0,1,1,0,0
"918","2022-07-30",4271,3,0,0,0,1,0,0,0
"919","2022-07-31",2783,3,0,0,0,19,0,0,0
"920","2022-08-01",3213,11,6,0,10,0,10,0,77
"921","2022-08-02",4204,3,0,0,1,18,235,8,85
"922","2022-08-03",5330,13,0,0,10,34,345,0,109
"923","2022-08-04",4413,6,0,0,0,0,6,0,1
"924","2022-08-05",3927,14,0,0,0,0,0,0,0
"925","2022-08-06",4684,5,0,0,0,0,18,0,0
"926","2022-08-07",2728,2,0,0,0,0,0,22,0
"927","2022-08-08",2863,2,0,0,0,1,0,0,0
"928","2022-08-09",3083,3,0,0,0,9,3,0,0
"929","2022-08-10",4896,2,0,0,0,56,0,0,0
"930","2022-08-11",4831,6,0,0,0,16,176,0,14
"931","2022-08-12",3943,1,0,0,0,8,25,0,0
"932","2022-08-13",4334,6,0,0,0,0,6,0,0
"933","2022-08-14",3045,5,0,0,0,7,9,0,0
"934","2022-08-15",2437,6,0,0,0,0,13,0,0
"935","2022-08-16",3429,6,0,0,0,27,22,2,0
"936","2022-08-17",3516,3,0,0,0,1,10,0,0
"937","2022-08-18",4071,2,0,0,0,1,20,0,0
"938","2022-08-19",3490,3,0,0,0,22,12,0,0
"939","2022-08-20",2798,5,0,0,0,1,11,0,25
"940","2022-08-21",2464,16,0,0,0,0,4,0,0
"941","2022-08-22",2078,12,0,0,0,7,6,0,0
"942","2022-08-23",2722,5,0,0,0,0,3,0,0
"943","2022-08-24",2636,5,0,0,0,18,7,0,0
"944","2022-08-25",3206,4,0,0,0,1,11,0,0
"945","2022-08-26",3118,7,0,0,0,1,10,0,0
"946","2022-08-27",2491,0,0,0,0,0,1,0,0
"947","2022-08-28",2191,1,0,0,0,0,3,0,0
"948","2022-08-29",1946,1,0,0,0,14,6,0,0
"949","2022-08-30",2144,3,0,0,0,8,0,0,0
"950","2022-08-31",2340,2,0,0,0,0,4,0,0
"951","2022-09-01",2356,5,0,0,30,0,4,0,18
"952","2022-09-02",2328,3,0,0,36,35,524,1,130
"953","2022-09-03",2244,4,0,0,6,15,185,42,79
"954","2022-09-04",1904,1,0,0,0,9,17,0,6
"955","2022-09-05",1486,2,0,0,0,0,0,0,0
"956","2022-09-06",2067,4,0,0,0,0,8,0,0
"957","2022-09-07",2428,2,0,0,0,0,14,0,0
"958","2022-09-08",2226,2,0,0,0,1,1,0,0
"959","2022-09-09",1990,2,0,0,0,2,1,0,0
"960","2022-09-10",1971,7,0,0,0,0,0,0,0
"961","2022-09-11",1483,2,0,0,0,14,216,0,0
"962","2022-09-12",1847,7,0,0,0,0,39,0,33
"963","2022-09-13",1942,9,0,0,0,0,0,0,15
"964","2022-09-14",2431,8,0,0,0,1,0,0,0
"965","2022-09-15",2375,11,0,0,0,0,0,0,1
"966","2022-09-16",1977,2,0,0,0,9,0,0,0
"967","2022-09-17",1572,3,0,0,0,10,0,0,0
"968","2022-09-18",1639,9,0,0,0,0,0,0,0
"969","2022-09-19",1307,4,0,0,0,2,0,0,0
"970","2022-09-20",1667,2,0,0,0,20,0,0,0
"971","2022-09-21",2111,5,0,0,0,0,0,0,0
"972","2022-09-22",2245,6,0,0,0,0,0,0,0
"973","2022-09-23",2070,3,0,0,0,8,0,0,0
"974","2022-09-24",1924,0,0,0,0,10,0,0,0
"975","2022-09-25",1608,2,0,0,0,0,0,0,0
"976","2022-09-26",1186,1,0,0,0,0,1,0,0
"977","2022-09-27",1552,5,0,0,0,0,0,0,0
"978","2022-09-28",2445,2,0,0,0,0,0,0,0
"979","2022-09-29",1867,4,0,0,0,14,0,0,0
"980","2022-09-30",2007,12,0,0,0,7,0,0,0
"981","2022-10-01",1626,5,0,7,9,42,0,0,15
"982","2022-10-02",1360,1,0,0,0,42,190,13,168
"983","2022-10-03",1244,4,0,0,1,14,153,18,96
"984","2022-10-04",1483,4,0,0,0,0,35,0,0
"985","2022-10-05",1722,8,0,0,0,0,0,0,0
"986","2022-10-06",1794,5,0,0,0,0,1,0,0
"987","2022-10-07",1788,6,0,0,0,0,5,0,0
"988","2022-10-08",1627,3,0,0,0,16,16,0,10
"989","2022-10-09",1453,8,0,0,0,7,0,0,0
"990","2022-10-10",1241,1,0,0,0,0,0,0,0
"991","2022-10-11",1291,2,0,0,0,7,169,43,5
"992","2022-10-12",1628,7,0,0,0,2,22,0,5
"993","2022-10-13",2090,4,0,0,0,0,0,0,36
"994","2022-10-14",2231,6,0,0,0,0,0,0,1
"995","2022-10-15",2023,13,0,0,0,0,0,0,2
"996","2022-10-16",1712,2,0,0,0,0,0,0,0
"997","2022-10-17",1210,1,0,0,0,0,0,0,0
"998","2022-10-18",1873,4,0,0,0,0,0,0,0
"999","2022-10-19",2295,4,0,0,0,0,16,0,0
"1000","2022-10-20",2561,8,0,0,0,0,5,0,0
"1001","2022-10-21",2256,6,0,0,0,0,5,0,0
"1002","2022-10-22",2618,7,0,0,0,9,4,0,0
"1003","2022-10-23",2054,1,0,0,0,37,0,0,0
"1004","2022-10-24",1737,1,0,0,0,0,2,0,0
"1005","2022-10-25",1743,1,0,0,0,0,4,0,0
"1006","2022-10-26",2136,3,0,0,0,2,1,0,0
"1007","2022-10-27",2762,8,0,0,0,0,2,0,0
"1008","2022-10-28",3296,10,0,0,0,23,2,0,10
"1009","2022-10-29",3189,3,0,0,0,0,0,0,0
"1010","2022-10-30",3129,6,0,0,0,0,9,0,0
"1011","2022-10-31",2913,7,0,0,0,0,5,0,10
"1012","2022-11-01",2913,11,3,9,28,10,52,0,69
"1013","2022-11-02",3969,2,0,6,10,22,449,15,238
"1014","2022-11-03",4711,7,0,0,3,42,97,58,109
"1015","2022-11-04",4360,4,0,0,0,58,23,0,1
"1016","2022-11-05",4621,2,0,0,0,0,0,6,0
"1017","2022-11-06",3913,4,0,0,0,0,0,0,0
"1018","2022-11-07",2521,2,0,0,0,0,0,0,0
"1019","2022-11-08",3781,3,0,0,0,0,10,0,0
"1020","2022-11-09",3267,2,0,0,0,1,0,0,0
"1021","2022-11-10",3436,3,0,0,0,5,0,0,0
"1022","2022-11-11",3245,3,0,0,0,9,192,0,4
"1023","2022-11-12",2882,1,0,0,0,0,8,0,0
"1024","2022-11-13",2234,2,0,0,0,35,2,0,0
"1025","2022-11-14",1749,1,0,0,0,1,52,1,0
"1026","2022-11-15",2852,3,0,0,0,14,68,0,0
"1027","2022-11-16",3304,4,0,0,0,0,114,0,0
"1028","2022-11-17",3457,2,0,0,0,1,73,0,2
"1029","2022-11-18",3037,3,0,0,0,1,15,0,0
"1030","2022-11-19",2450,0,0,0,0,6,0,0,0
"1031","2022-11-20",1633,3,0,0,0,60,0,0,0
"1032","2022-11-21",2121,0,0,0,0,3,6,0,0
"1033","2022-11-22",2516,3,0,0,0,37,0,0,0
"1034","2022-11-23",3537,7,0,0,0,10,0,0,1
"1035","2022-11-24",2877,3,0,0,0,9,33,0,0
"1036","2022-11-25",3024,7,0,0,0,4,0,0,0
"1037","2022-11-26",2898,2,0,0,0,62,0,0,0
"1038","2022-11-27",2022,0,0,0,0,3,51,0,0
"1039","2022-11-28",2465,1,0,0,0,0,0,0,0
"1040","2022-11-29",1672,1,0,0,0,0,4,0,0
"1041","2022-11-30",1737,1,0,0,0,0,0,0,0
"1042","2022-12-01",2375,4,7,40,6,7,49,0,55
"1043","2022-12-02",2421,2,0,0,4,175,279,53,147
"1044","2022-12-03",1866,6,0,0,3,42,97,58,109
"1045","2022-12-04",1502,1,0,0,0,0,139,0,1
"1046","2022-12-05",1576,1,0,0,0,0,0,0,0
"1047","2022-12-06",1649,3,0,0,0,0,2,0,0
"1048","2022-12-07",1682,2,0,0,0,0,1,0,0
"1049","2022-12-08",1616,1,0,0,0,0,4,0,0
"1050","2022-12-09",1597,5,0,0,0,4,0,0,0
"1051","2022-12-10",1315,1,0,0,0,0,0,0,0
"1052","2022-12-11",867,1,0,0,0,17,89,0,13
"1053","2022-12-12",809,4,0,0,0,0,0,0,9
"1054","2022-12-13",1040,2,0,0,0,0,0,0,0
"1055","2022-12-14",1241,3,0,0,0,6,0,0,0
"1056","2022-12-15",1161,3,0,0,0,1,0,0,0
"1057","2022-12-16",1138,2,0,0,0,0,0,0,0
"1058","2022-12-17",993,2,0,0,0,0,0,0,0
"1059","2022-12-18",847,2,0,0,0,10,0,0,0
"1060","2022-12-19",721,3,0,0,0,3,0,0,0
"1061","2022-12-20",816,1,0,0,0,0,0,0,0
"1062","2022-12-21",984,2,0,0,0,1,0,0,0
"1063","2022-12-22",858,1,0,0,0,0,0,0,0
"1064","2022-12-23",902,5,0,0,0,0,0,0,0
"1065","2022-12-24",766,0,0,0,0,0,0,0,0
"1066","2022-12-25",609,2,0,0,0,0,0,0,0
"1067","2022-12-26",480,7,0,0,0,0,0,0,0
"1068","2022-12-27",423,2,0,0,0,0,0,0,0
"1069","2022-12-28",480,6,0,0,0,0,0,0,0
"1070","2022-12-29",679,4,0,0,0,0,0,0,0
"1071","2022-12-30",583,7,0,0,0,0,0,0,0
"1072","2022-12-31",513,4,0,0,0,13,0,0,0
"1073","2023-01-01",420,3,0,0,0,0,0,0,0
"1074","2023-01-02",360,1,0,0,0,0,0,0,0
"1075","2023-01-03",333,1,0,0,0,0,0,0,0
"1076","2023-01-04",433,4,0,0,0,0,113,0,0
"1077","2023-01-05",571,1,0,0,0,0,0,0,0
"1078","2023-01-06",543,4,0,0,0,0,0,0,0
"1079","2023-01-07",571,4,0,0,0,0,0,0,0
"1080","2023-01-08",405,8,0,0,0,0,0,0,0
"1081","2023-01-09",383,2,0,0,0,0,0,0,0
"1082","2023-01-10",380,11,0,0,0,0,0,0,0
"1083","2023-01-11",367,2,0,0,0,0,0,0,0
"1084","2023-01-12",383,2,0,0,5,9,136,0,8
"1085","2023-01-13",320,2,0,0,0,0,0,0,0
"1086","2023-01-14",287,1,0,0,0,0,0,0,0
"1087","2023-01-15",244,2,0,0,0,0,0,0,0
"1088","2023-01-16",227,4,0,0,0,0,0,0,0
"1089","2023-01-17",350,4,0,0,0,0,2,0,0
"1090","2023-01-18",371,1,0,0,0,0,0,0,0
"1091","2023-01-19",318,1,0,0,0,0,0,0,0
"1092","2023-01-20",285,5,0,0,0,5,0,0,0
"1093","2023-01-21",293,0,0,0,0,23,0,0,0
"1094","2023-01-22",309,1,0,0,0,20,0,69,0
"1095","2023-01-23",142,1,0,0,0,0,0,0,0
"1096","2023-01-24",101,1,0,0,0,0,0,0,0
"1097","2023-01-25",132,2,0,0,0,0,0,0,0
"1098","2023-01-26",172,1,0,0,0,0,0,0,0
"1099","2023-01-27",236,3,0,0,0,0,0,0,0
"1100","2023-01-28",258,2,0,0,0,0,0,0,0
"1101","2023-01-29",269,3,0,0,0,0,0,0,0
"1102","2023-01-30",202,4,0,0,0,0,0,0,0
"1103","2023-01-31",251,0,0,0,0,0,0,0,0
"1104","2023-02-01",325,2,0,0,0,0,0,0,0
"1105","2023-02-02",324,4,0,0,0,0,0,0,0
"1106","2023-02-03",340,1,0,0,0,0,0,0,0
"1107","2023-02-04",202,6,0,0,0,0,60,0,0
"1108","2023-02-05",211,2,0,0,0,0,0,0,0
"1109","2023-02-06",175,1,0,0,0,0,0,0,5
"1110","2023-02-07",184,3,0,0,0,0,0,0,0
"1111","2023-02-08",189,1,0,0,0,0,0,0,0
"1112","2023-02-09",269,1,0,0,0,0,0,0,0
"1113","2023-02-10",255,3,0,0,0,0,0,0,0
"1114","2023-02-11",259,5,0,0,0,0,0,0,0
"1115","2023-02-12",160,1,0,0,2,3,91,36,2
"1116","2023-02-13",164,2,0,0,0,0,0,0,0
"1117","2023-02-14",200,1,0,0,0,0,0,0,0
"1118","2023-02-15",237,1,0,0,0,0,0,0,0
"1119","2023-02-16",281,1,0,0,0,0,0,0,0
"1120","2023-02-17",241,1,0,0,0,0,0,0,0
"1121","2023-02-18",212,1,0,0,0,0,0,0,0
"1122","2023-02-19",186,5,0,0,0,0,0,0,0
"1123","2023-02-20",167,7,0,0,0,0,0,0,0
"1124","2023-02-21",184,3,0,0,0,0,0,0,0
"1125","2023-02-22",229,0,0,0,0,0,0,0,0
"1126","2023-02-23",224,1,0,0,0,0,0,0,0
"1127","2023-02-24",204,5,0,0,0,0,0,0,0
"1128","2023-02-25",173,3,0,0,0,0,0,0,0
"1129","2023-02-26",207,1,0,0,0,7,0,0,0
"1130","2023-02-27",190,2,0,0,0,18,0,0,0
"1131","2023-02-28",206,5,0,0,0,1,0,0,0
"1132","2023-03-01",217,0,0,0,0,0,0,0,0
"1133","2023-03-02",244,2,0,0,0,0,0,0,0
"1134","2023-03-03",204,4,0,0,0,0,0,0,0
"1135","2023-03-04",170,2,0,0,0,0,51,0,0
"1136","2023-03-05",164,2,0,0,0,7,0,0,0
"1137","2023-03-06",188,3,0,0,0,0,0,0,0
"1138","2023-03-07",226,3,0,0,0,0,0,0,0
"1139","2023-03-08",235,6,0,0,0,0,0,0,0
"1140","2023-03-09",279,6,0,0,0,0,0,0,0
"1141","2023-03-10",251,1,0,0,0,0,0,0,0
"1142","2023-03-11",223,3,0,0,0,0,7,0,0
"1143","2023-03-12",227,3,0,0,3,3,25,0,1
"1144","2023-03-13",217,0,0,0,0,0,0,0,0
"1145","2023-03-14",269,2,0,0,0,0,0,0,0
"1146","2023-03-15",273,6,0,0,0,0,0,0,0
"1147","2023-03-16",311,4,0,0,0,0,0,27,0
"1148","2023-03-17",281,0,0,0,0,0,0,0,0
"1149","2023-03-18",270,3,0,0,0,0,0,0,0
"1150","2023-03-19",257,1,0,0,0,0,0,0,0
"1151","2023-03-20",197,5,0,0,0,0,0,10,0
"1152","2023-03-21",320,1,0,0,0,0,0,0,0
"1153","2023-03-22",367,2,0,0,0,0,24,0,0
"1154","2023-03-23",346,3,0,0,0,0,11,0,0
"1155","2023-03-24",386,2,0,0,0,0,13,0,0
"1156","2023-03-25",355,1,0,0,0,0,2,0,0
"1157","2023-03-26",327,2,0,0,0,0,8,0,0
"1158","2023-03-27",226,1,0,0,0,0,0,0,0
"1159","2023-03-28",357,2,0,0,0,0,0,0,0
"1160","2023-03-29",461,6,0,0,0,0,53,0,0
"1161","2023-03-30",493,0,0,0,0,0,72,0,0
"1162","2023-03-31",606,0,0,0,0,0,94,0,0
"1163","2023-04-01",599,4,0,0,0,0,0,0,0
"1164","2023-04-02",430,1,0,0,0,0,0,0,0
"1165","2023-04-03",458,2,0,0,0,5,0,0,0
"1166","2023-04-04",611,3,0,0,0,0,125,0,0
"1167","2023-04-05",747,0,0,0,0,0,0,0,0
"1168","2023-04-06",805,0,0,0,0,0,0,0,0
"1169","2023-04-07",797,1,0,0,0,0,0,0,0
"1170","2023-04-08",726,0,0,0,0,0,0,0,0
"1171","2023-04-09",517,2,0,0,0,0,0,0,0
"1172","2023-04-10",539,0,0,0,0,0,0,0,0
"1173","2023-04-11",598,3,0,0,0,0,3,0,0
"1174","2023-04-12",900,0,0,0,2,0,8,0,0
"1175","2023-04-13",875,1,0,0,0,0,23,0,0
"1176","2023-04-14",839,2,0,0,0,0,24,0,0
"1177","2023-04-15",881,0,0,0,0,0,92,0,0
"1178","2023-04-16",739,0,0,0,0,0,53,0,4
"1179","2023-04-17",490,0,0,0,0,0,4,0,0
"1180","2023-04-18",790,4,0,0,0,0,27,0,0
"1181","2023-04-19",784,0,0,0,0,0,3,0,0
"1182","2023-04-20",750,5,0,0,0,0,0,0,0
"1183","2023-04-21",702,0,0,0,0,0,5,0,0
"1184","2023-04-22",562,2,0,0,0,0,0,0,0
"1185","2023-04-23",449,1,0,0,0,0,0,0,0
"1186","2023-04-24",387,0,0,0,0,0,0,0,0
"1187","2023-04-25",561,3,0,0,0,0,0,0,0
"1188","2023-04-26",617,2,0,0,0,0,0,0,0
"1189","2023-04-27",832,4,0,0,0,0,0,0,0
"1190","2023-04-28",1067,0,0,0,0,5,0,0,0
"1191","2023-04-29",1050,1,0,0,0,0,0,0,0
"1192","2023-04-30",968,1,0,0,0,0,0,0,0
"1193","2023-05-01",793,2,0,0,0,10,0,0,0
"1194","2023-05-02",793,1,0,0,0,0,0,0,0
"1195","2023-05-03",1353,1,0,0,0,0,0,0,0
"1196","2023-05-04",1409,1,0,0,0,0,138,0,0
"1197","2023-05-05",1170,5,0,0,0,0,0,0,20
"1198","2023-05-06",1110,3,0,0,0,0,0,0,0
"1199","2023-05-07",977,2,0,0,0,0,0,0,0
"1200","2023-05-08",1046,0,0,0,0,0,0,0,0
"1201","2023-05-09",1261,3,0,0,0,0,0,0,0
"1202","2023-05-10",1433,3,0,0,0,0,0,0,0
"1203","2023-05-11",1329,3,0,0,0,0,1,0,0
"1204","2023-05-12",1322,5,0,0,2,0,26,0,0
"1205","2023-05-13",1205,5,0,0,0,0,32,0,0
"1206","2023-05-14",740,3,0,0,0,0,33,0,0
"1207","2023-05-15",740,1,0,0,0,0,23,0,0
"1208","2023-05-16",1064,5,0,0,0,0,9,0,3
"1209","2023-05-17",1019,5,0,0,0,0,4,0,0
"1210","2023-05-18",1119,1,0,0,0,28,7,0,2
"1211","2023-05-19",971,3,0,0,0,0,9,0,0
"1212","2023-05-20",786,2,0,0,0,4,0,0,0
"1213","2023-05-21",749,0,0,0,0,0,0,0,0
"1214","2023-05-22",653,1,0,0,0,0,57,0,0
"1215","2023-05-23",947,1,0,0,0,0,10,0,9
"1216","2023-05-24",1001,1,0,0,0,0,12,0,0
"1217","2023-05-25",843,2,0,0,0,0,0,0,0
"1218","2023-05-26",826,2,0,0,0,0,12,0,0
"1219","2023-05-27",782,1,0,0,0,0,24,0,0
"1220","2023-05-28",582,0,0,0,0,0,0,0,0
"1221","2023-05-29",513,1,0,0,0,0,0,0,0
"1222","2023-05-30",779,2,0,0,0,0,0,0,0
"1223","2023-05-31",745,1,0,0,0,0,0,0,0
"1224","2023-06-01",666,3,0,0,0,8,0,0,0
"1225","2023-06-02",669,1,0,0,0,0,0,0,0
"1226","2023-06-03",569,2,0,0,0,0,0,0,0
"1227","2023-06-04",460,0,0,0,0,8,104,0,6
"1228","2023-06-05",344,1,0,0,0,6,0,0,0
"1229","2023-06-06",427,1,0,0,0,0,0,0,0
"1230","2023-06-07",660,0,0,0,0,0,0,0,0
"1231","2023-06-08",681,1,0,0,0,0,0,0,0
"1232","2023-06-09",624,2,0,0,0,0,0,0,0
"1233","2023-06-10",618,1,0,0,0,0,0,0,0
"1234","2023-06-11",512,0,0,0,0,0,0,0,0
"1235","2023-06-12",352,0,0,0,0,6,48,0,10
"1236","2023-06-13",573,1,0,0,0,0,0,0,0
"1237","2023-06-14",536,1,0,0,0,0,0,0,0
"1238","2023-06-15",466,0,0,0,0,0,0,0,0
"1239","2023-06-16",594,0,0,0,0,0,0,0,0
"1240","2023-06-17",400,0,0,0,0,0,0,0,0
"1241","2023-06-18",366,1,0,0,0,0,0,0,0
"1242","2023-06-19",284,0,0,0,0,0,0,0,0
"1243","2023-06-20",416,2,0,0,0,0,0,0,0
"1244","2023-06-21",449,0,0,0,0,0,0,0,0
"1245","2023-06-22",417,0,0,0,0,13,0,0,0
"1246","2023-06-23",425,0,0,0,0,3,0,0,0
"1247","2023-06-24",341,1,0,0,0,6,0,0,0
"1248","2023-06-25",278,0,0,0,0,0,0,0,0
"1249","2023-06-26",160,0,0,0,0,0,0,0,0
"1250","2023-06-27",282,2,0,0,0,2,0,0,0
"1251","2023-06-28",252,0,0,0,0,1,0,0,0
"1252","2023-06-29",223,0,0,0,0,0,0,0,0
"1253","2023-06-30",182,2,0,0,0,0,0,0,0
"1254","2023-07-01",171,0,0,0,0,0,0,0,0
"1255","2023-07-02",121,0,0,0,0,14,0,0,0
"1256","2023-07-03",180,0,0,0,0,0,0,0,0
"1257","2023-07-04",175,2,0,0,0,0,76,0,0
"1258","2023-07-05",199,0,0,0,0,0,0,0,1
"1259","2023-07-06",224,0,0,0,0,0,0,0,0
"1260","2023-07-07",184,1,0,0,0,0,0,0,0
"1261","2023-07-08",139,1,0,0,0,0,0,0,0
"1262","2023-07-09",137,0,0,0,0,0,0,0,0
"1263","2023-07-10",142,1,0,0,0,0,0,0,0
"1264","2023-07-11",178,0,0,0,0,0,28,0,0
"1265","2023-07-12",200,1,0,0,0,49,18,8,0
"1266","2023-07-13",170,0,0,0,0,0,11,0,0
"1267","2023-07-14",202,0,0,0,0,0,0,0,0
"1268","2023-07-15",173,0,0,0,0,0,18,0,0
"1269","2023-07-16",140,0,0,0,0,0,0,0,0
"1270","2023-07-17",122,0,0,0,0,0,0,0,0
"1271","2023-07-18",156,0,0,0,0,0,4,0,0
"1272","2023-07-19",159,0,0,0,0,0,0,0,0
"1273","2023-07-20",123,0,0,0,0,0,0,0,0
"1274","2023-07-21",129,0,0,0,0,0,2,0,0
"1275","2023-07-22",129,0,0,0,0,0,0,0,0
"1276","2023-07-23",96,0,0,0,0,0,0,0,0
"1277","2023-07-24",102,1,0,0,0,0,0,0,0
"1278","2023-07-25",139,0,0,0,0,0,0,0,0
"1279","2023-07-26",171,0,0,0,0,0,0,0,0
"1280","2023-07-27",177,0,0,0,0,24,0,0,0
"1281","2023-07-28",119,1,0,0,0,0,0,0,0
"1282","2023-07-29",130,0,0,0,0,0,0,0,0
"1283","2023-07-30",58,0,0,0,0,0,0,0,0
"1284","2023-07-31",65,0,0,0,0,0,0,0,0
"1285","2023-08-01",117,0,0,0,0,0,0,0,0
"1286","2023-08-02",117,0,0,0,0,0,0,0,0
"1287","2023-08-03",104,0,0,0,0,0,0,0,0
"1288","2023-08-04",129,0,0,0,0,0,65,0,0
"1289","2023-08-05",105,0,0,0,0,0,0,0,0
"1290","2023-08-06",73,0,0,0,0,0,0,0,0
"1291","2023-08-07",57,0,0,0,0,0,0,0,0
"1292","2023-08-08",67,0,0,0,0,0,0,0,0
"1293","2023-08-09",97,0,0,0,0,0,0,0,0
"1294","2023-08-10",109,1,0,0,0,0,0,0,0
"1295","2023-08-11",106,0,0,0,0,0,0,0,0
"1296","2023-08-12",73,0,0,0,0,14,91,0,0
"1297","2023-08-13",77,0,0,0,0,0,0,0,0
"1298","2023-08-14",75,1,0,0,0,0,0,0,0
"1299","2023-08-15",106,0,0,0,0,0,0,0,0
"1300","2023-08-16",131,0,0,0,0,0,0,0,0
"1301","2023-08-17",94,0,0,0,0,0,0,0,0
"1302","2023-08-18",113,2,0,0,0,0,0,0,0
"1303","2023-08-19",114,0,0,0,0,0,0,0,0
"1304","2023-08-20",70,1,0,0,0,0,0,0,0
"1305","2023-08-21",72,0,0,0,0,0,0,0,0
"1306","2023-08-22",105,1,0,0,0,0,0,0,0
"1307","2023-08-23",136,1,0,0,0,0,0,0,0
"1308","2023-08-24",107,0,0,0,0,0,0,0,0
"1309","2023-08-25",116,0,0,0,0,0,0,0,0
"1310","2023-08-26",90,1,0,0,0,0,0,0,0
"1311","2023-08-27",73,1,0,0,0,0,0,0,0
"1312","2023-08-28",66,0,0,0,0,0,0,0,0
"1313","2023-08-29",86,0,0,0,0,0,0,0,0
"1314","2023-08-30",107,0,0,0,0,0,0,0,0
"1315","2023-08-31",81,3,0,0,0,0,0,0,0
"1316","2023-09-01",67,0,0,0,0,0,0,0,0
"1317","2023-09-02",57,0,0,0,0,0,0,0,0
"1318","2023-09-03",77,0,0,0,0,0,0,0,0
"1319","2023-09-04",57,1,0,0,0,0,2,0,0
"1320","2023-09-05",118,3,0,0,0,0,0,0,1
"1321","2023-09-06",101,5,0,0,0,0,0,0,0
"1322","2023-09-07",111,1,0,0,0,0,0,0,0
"1323","2023-09-08",108,1,0,0,0,0,0,0,0
"1324","2023-09-09",108,2,0,0,0,0,0,0,0
"1325","2023-09-10",88,0,0,0,0,0,0,0,0
"1326","2023-09-11",71,2,0,0,0,0,1,0,0
"1327","2023-09-12",128,0,0,0,0,19,126,0,0
"1328","2023-09-13",125,1,0,0,0,0,0,0,0
"1329","2023-09-14",122,0,0,0,0,0,1,0,0
"1330","2023-09-15",103,1,0,0,0,0,0,0,0
"1331","2023-09-16",91,0,0,0,0,0,0,0,0
"1332","2023-09-17",86,1,0,0,0,0,16,0,0
"1333","2023-09-18",55,0,0,0,0,0,0,0,0
"1334","2023-09-19",95,1,0,0,0,0,0,0,0
"1335","2023-09-20",122,1,0,0,0,0,0,0,0
"1336","2023-09-21",129,1,0,0,0,0,0,0,0
"1337","2023-09-22",117,0,0,0,0,0,0,0,0
"1338","2023-09-23",87,1,0,0,0,0,0,0,0
"1339","2023-09-24",74,1,0,0,0,0,0,0,0
"1340","2023-09-25",62,1,0,0,0,0,0,0,0
"1341","2023-09-26",166,1,0,0,0,0,0,3,0
"1342","2023-09-27",155,0,0,0,0,0,0,4,0
"1343","2023-09-28",130,0,0,0,0,0,0,1,0
"1344","2023-09-29",99,0,0,0,0,0,0,0,0
"1345","2023-09-30",97,1,0,0,0,0,0,0,0
"1346","2023-10-01",95,1,0,0,0,0,0,0,0
"1347","2023-10-02",107,0,0,0,0,0,0,0,0
"1348","2023-10-03",152,0,0,0,0,0,0,0,0
"1349","2023-10-04",162,1,0,0,0,0,0,0,0
"1350","2023-10-05",140,0,0,0,0,1,5,0,0
"1351","2023-10-06",135,0,0,0,0,0,0,0,0
"1352","2023-10-07",142,0,0,0,0,0,0,0,0
"1353","2023-10-08",89,1,0,0,0,0,0,0,0
"1354","2023-10-09",115,0,0,0,0,0,0,0,0
"1355","2023-10-10",133,0,0,0,0,0,0,0,0
"1356","2023-10-11",187,1,0,0,0,0,0,0,0
"1357","2023-10-12",174,2,0,0,0,11,19,0,0
"1358","2023-10-13",173,0,0,0,0,0,0,0,0
"1359","2023-10-14",181,0,0,0,0,0,0,0,0
"1360","2023-10-15",131,0,0,0,0,0,0,0,0
"1361","2023-10-16",115,0,0,0,0,0,0,0,0
"1362","2023-10-17",172,1,0,0,0,3,0,0,0
"1363","2023-10-18",204,2,0,0,0,0,3,0,0
"1364","2023-10-19",201,1,0,0,0,0,1,0,0
"1365","2023-10-20",152,0,0,0,0,0,0,0,0
"1366","2023-10-21",157,1,0,0,0,0,1,0,0
"1367","2023-10-22",121,1,0,0,0,0,1,0,0
"1368","2023-10-23",140,0,0,0,0,0,0,0,0
"1369","2023-10-24",232,0,0,0,0,0,0,0,12
"1370","2023-10-25",214,0,0,0,0,0,0,0,4
"1371","2023-10-26",220,1,0,0,0,0,2,0,1
"1372","2023-10-27",205,1,0,0,0,0,0,0,0
"1373","2023-10-28",207,0,0,0,0,0,0,0,0
"1374","2023-10-29",160,1,0,0,0,0,0,0,0
"1375","2023-10-30",153,0,0,0,0,0,0,0,0
"1376","2023-10-31",240,2,0,0,0,0,0,0,0
"1377","2023-11-01",289,1,0,0,0,0,0,0,0
"1378","2023-11-02",305,0,0,0,0,0,0,0,0
"1379","2023-11-03",283,2,0,0,0,0,0,0,0
"1380","2023-11-04",262,0,0,0,0,0,18,0,0
"1381","2023-11-05",181,0,0,0,0,0,18,0,1
"1382","2023-11-06",153,0,0,0,0,0,0,0,0
"1383","2023-11-07",306,0,0,0,0,0,0,0,0
"1384","2023-11-08",302,0,0,0,0,0,0,0,0
"1385","2023-11-09",324,1,0,0,0,0,0,0,0
"1386","2023-11-10",306,0,0,0,0,0,0,0,0
"1387","2023-11-11",229,0,0,0,0,0,0,0,0
"1388","2023-11-12",259,0,0,0,78,1,13,0,0
"1389","2023-11-13",184,1,NA,NA,NA,NA,NA,NA,NA
"1390","2023-11-14",275,1,0,0,0,0,0,0,0
"1391","2023-11-15",332,1,0,0,0,0,0,0,0
"1392","2023-11-16",441,1,0,0,0,0,0,0,0
"1393","2023-11-17",439,0,0,0,0,0,0,0,0
"1394","2023-11-18",375,1,0,0,0,0,0,0,0
"1395","2023-11-19",282,1,0,0,0,0,0,0,1
"1396","2023-11-20",291,0,0,0,0,0,0,0,0
"1397","2023-11-21",498,1,0,0,0,6,0,0,0
"1398","2023-11-22",649,0,0,0,0,0,0,0,0
"1399","2023-11-23",618,4,0,0,0,3,28,0,8
"1400","2023-11-24",671,1,0,0,0,5,1,0,12
"1401","2023-11-25",617,2,0,0,0,0,0,0,0
"1402","2023-11-26",642,0,0,0,0,24,19,0,0
"1403","2023-11-27",440,0,0,0,0,0,22,0,0
"1404","2023-11-28",753,1,0,0,0,3,33,0,6
"1405","2023-11-29",1195,0,0,0,0,4,23,0,0
"1406","2023-11-30",1169,5,0,0,8,2,37,0,14
"1407","2023-12-01",1471,0,0,0,0,0,0,0,0
"1408","2023-12-02",1126,2,0,0,0,0,0,0,0
"1409","2023-12-03",1038,2,NA,NA,NA,NA,NA,NA,NA
"1410","2023-12-04",906,1,0,0,0,0,81,0,0
"1411","2023-12-05",1598,5,0,0,0,0,132,0,0
"1412","2023-12-06",2061,1,0,0,0,0,0,0,0
"1413","2023-12-07",2501,4,0,0,0,0,0,0,0
"1414","2023-12-08",2099,1,0,0,0,0,0,0,0
"1415","2023-12-09",2554,2,0,0,0,0,0,0,0
"1416","2023-12-10",2288,4,0,0,0,0,0,0,0
"1417","2023-12-11",1795,3,NA,NA,NA,NA,NA,NA,NA
"1418","2023-12-12",2496,3,0,0,0,6,46,0,0
"1419","2023-12-13",3432,4,0,0,7,2,108,31,0
"1420","2023-12-14",3923,1,0,0,0,19,138,0,0
"1421","2023-12-15",3373,3,0,0,0,1,26,18,0
"1422","2023-12-16",3389,1,0,0,0,1,35,11,0
"1423","2023-12-17",2719,2,0,0,0,0,0,0,0
"1424","2023-12-18",2545,1,0,0,0,0,0,0,1
"1425","2023-12-19",3313,3,0,0,0,0,31,0,13
"1426","2023-12-20",5048,5,0,0,0,0,9,0,18
"1427","2023-12-21",4530,5,0,0,0,13,14,0,2
"1428","2023-12-22",4258,5,0,0,0,36,13,5,42
"1429","2023-12-23",3499,2,0,0,0,6,19,3,4
"1430","2023-12-24",3329,1,0,0,0,0,4,0,25
"1431","2023-12-25",2279,0,0,0,0,3,0,0,15
"1432","2023-12-26",2256,3,0,0,0,5,0,0,4
"1433","2023-12-27",3022,6,0,0,0,1,5,0,4
"1434","2023-12-28",3425,7,0,0,0,0,1,0,6
"1435","2023-12-29",3484,4,0,0,0,14,0,0,3
"1436","2023-12-30",2803,4,0,0,0,10,0,0,1
"1437","2023-12-31",2317,1,0,0,0,22,0,6,7
"1438","2024-01-01",1956,1,0,0,0,0,0,0,2
"1439","2024-01-02",1860,6,NA,NA,NA,NA,NA,NA,NA
"1440","2024-01-03",2543,4,NA,NA,NA,NA,NA,NA,NA
"1441","2024-01-04",3269,2,NA,NA,NA,NA,NA,NA,NA
"1442","2024-01-05",2981,2,NA,NA,NA,NA,NA,NA,NA
"1443","2024-01-06",2330,2,NA,NA,NA,NA,NA,NA,NA
"1444","2024-01-07",2203,1,NA,NA,NA,NA,NA,NA,NA
"1445","2024-01-08",1466,1,NA,NA,NA,NA,NA,NA,NA
"1446","2024-01-09",1725,3,NA,NA,NA,NA,NA,NA,NA
"1447","2024-01-10",1940,2,NA,NA,NA,NA,NA,NA,NA
"1448","2024-01-11",2037,3,NA,NA,NA,NA,NA,NA,NA
"1449","2024-01-12",1705,2,NA,NA,NA,NA,NA,NA,NA
"1450","2024-01-13",1355,0,0,0,0,1,33,0,0
"1451","2024-01-14",1326,3,0,0,0,0,2,0,0
"1452","2024-01-15",962,1,0,0,0,14,0,0,0
"1453","2024-01-16",1440,1,0,0,0,0,63,0,0
"1454","2024-01-17",1535,1,0,0,0,0,32,0,0
"1455","2024-01-18",1149,1,0,0,0,0,6,0,0
"1456","2024-01-19",1089,2,0,0,0,0,2,0,0
"1457","2024-01-20",857,1,0,0,0,0,2,0,0
"1458","2024-01-21",686,1,0,0,0,0,0,0,0
"1459","2024-01-22",628,1,0,0,0,0,0,0,0
"1460","2024-01-23",772,2,0,0,0,0,0,0,0
"1461","2024-01-24",852,0,0,0,0,0,0,0,0
"1462","2024-01-25",733,0,0,0,0,7,0,0,0
"1463","2024-01-26",518,2,NA,NA,NA,NA,NA,NA,NA
"1464","2024-01-27",411,0,0,0,0,0,0,0,0
"1465","2024-01-28",482,1,0,0,0,0,0,0,0
"1466","2024-01-29",335,2,0,0,0,0,0,0,0
"1467","2024-01-30",407,1,0,0,0,0,0,0,0
"1468","2024-01-31",461,2,0,0,0,0,0,0,0
"1469","2024-02-01",412,3,NA,NA,NA,NA,NA,NA,NA
"1470","2024-02-02",263,1,0,0,0,0,0,0,0
"1471","2024-02-03",190,1,NA,NA,NA,NA,NA,NA,NA
"1472","2024-02-04",211,0,NA,NA,NA,NA,NA,NA,NA
"1473","2024-02-05",224,1,NA,NA,NA,NA,NA,NA,NA
"1474","2024-02-06",241,2,NA,NA,NA,NA,NA,NA,NA
"1475","2024-02-07",261,1,NA,NA,NA,NA,NA,NA,NA
"1476","2024-02-08",181,1,NA,NA,NA,NA,NA,NA,NA
"1477","2024-02-09",191,0,NA,NA,NA,NA,NA,NA,NA
"1478","2024-02-10",170,0,NA,NA,NA,NA,NA,NA,NA
"1479","2024-02-11",100,0,NA,NA,NA,NA,NA,NA,NA
"1480","2024-02-12",63,1,NA,NA,NA,NA,NA,NA,NA
"1481","2024-02-13",104,1,NA,NA,NA,NA,NA,NA,NA
"1482","2024-02-14",145,0,0,0,0,0,0,0,0
"1483","2024-02-15",111,0,0,0,0,0,0,0,0
"1484","2024-02-16",125,1,0,0,0,0,0,0,0
"1485","2024-02-17",142,0,0,0,0,0,0,0,0
"1486","2024-02-18",158,0,NA,NA,NA,NA,NA,NA,NA
"1487","2024-02-19",112,0,NA,NA,NA,NA,NA,NA,NA
"1488","2024-02-20",135,0,NA,NA,NA,NA,NA,NA,NA
"1489","2024-02-21",131,0,NA,NA,NA,NA,NA,NA,NA
"1490","2024-02-22",130,0,0,0,0,0,0,0,0
"1491","2024-02-23",118,0,NA,NA,NA,NA,NA,NA,NA
"1492","2024-02-24",97,0,NA,NA,NA,NA,NA,NA,NA
